Workbook

Sheet 模板
A1: 门店+姓名 | B1: 门店 | C1: 岗位 | D1: 姓名 | E1: 员工状态 | F1: 报税工资 | G1: 个税 | H1: 基本养老保险费 | I1: 基本医疗保险费 | J1: 失业保险费 | K1: 分公司 | L1: 身份证号 | M1: 联系方式 | N1: 实际个税 | O1: 备注 | Q1: 差额 | S1: 差额1
D2: 刘甜甜 | F2: 17000 | G2: 655.02 | H2: 1360 | I2: 347 | J2: 51 | K2: 武汉山道 | L2: 420684198505276040
D3: 杨艳 | F3: 2000 | H3: 359.84 | I3: 96.96 | J3: 13.49 | K3: 武汉山道 | L3: 420623198201201047
D4: 刘建斌 | F4: 17000 | G4: 655.02 | H4: 1360 | I4: 347 | J4: 51 | K4: 武汉山道 | L4: 420684198402276056 | M4: 15927000009

Sheet 1月
A1: 门店+姓名 | B1: 门店 | C1: 岗位 | D1: 姓名 | E1: 员工状态 | F1: 报税工资 | G1: 个税 | H1: 分公司 | I1: 身份证号 | J1: 联系方式 | K1: 实际个税 | L1: 备注 | N1: 差额 | P1: 差额1
D2: 刘甜甜 | F2: 17000 | G2: 360 | H2: 武汉山道 | I2: 420684198505276040 | K2: 360 | N2: =G2-K2 -> 0
D3: 杨艳 | F3: 2000 | G3: 0 | H3: 武汉山道 | I3: 420623198201201047 | K3: 0 | N3: =G3-K3 -> 0
D4: 刘建斌 | F4: 17000 | G4: 240 | H4: 武汉山道 | I4: 420684198402276056 | K4: 240 | N4: =G4-K4 -> 0
A5: 蚌埠吾悦店王格 | B5: 蚌埠吾悦店 | C5: 前台主管 | D5: 王格 | E5: 在职 | F5: 3950 | G5: 0 | H5: =VLOOKUP(A5,'[1]12月'!$A:$H,8,FALSE) -> 朝晖人力 | I5: =VLOOKUP(A5,'[1]12月'!$A:$I,9,FALSE) -> 340322200502054623 | J5: =VLOOKUP(A5,'[1]12月'!$A:$J,10,FALSE) -> 15375468652 | K5: 0 | N5: =G5-K5 -> 0
A6: 蚌埠吾悦店薛艺 | B6: 蚌埠吾悦店 | C6: 前台 | D6: 薛艺 | E6: 离职 | F6: 288.46 | G6: 0 | H6: =VLOOKUP(A6,'[1]12月'!$A:$H,8,FALSE) -> 朝晖人力 | I6: =VLOOKUP(A6,'[1]12月'!$A:$I,9,FALSE) -> 340304200306130649 | J6: =VLOOKUP(A6,'[1]12月'!$A:$J,10,FALSE) -> 15255282978 | K6: 0 | N6: =G6-K6 -> 0
A7: 蚌埠吾悦店李响 | B7: 蚌埠吾悦店 | C7: 前台 | D7: 李响 | E7: 在职 | F7: 2500 | G7: 0 | H7: 朝晖人力 | I7: =VLOOKUP(A7,[2]在职名单!$D:$AE,28,FALSE) -> 34030219860130002X | J7: =VLOOKUP(A7,[2]在职名单!$D:$AJ,33,FALSE) -> 0 | K7: 0 | N7: =G7-K7 -> 0
A8: 蚌埠吾悦店赵红 | B8: 蚌埠吾悦店 | C8: 保洁 | D8: 赵红 | E8: 在职 | F8: 2390 | G8: 0 | H8: 朝晖人力 | I8: =VLOOKUP(A8,'[1]12月'!$A:$I,9,FALSE) -> 340302197012310428 | J8: =VLOOKUP(A8,'[1]12月'!$A:$J,10,FALSE) -> 16655298121 | K8: 0 | N8: =G8-K8 -> 0
A9: 蚌埠吾悦店陆春亮 | B9: 蚌埠吾悦店 | C9: 保洁 | D9: 陆春亮 | E9: 在职 | F9: 2390 | G9: 0 | H9: 朝晖人力 | I9: =VLOOKUP(A9,'[1]12月'!$A:$I,9,FALSE) -> 340302196303260411 | J9: =VLOOKUP(A9,'[1]12月'!$A:$J,10,FALSE) -> 13093664952 | K9: 0 | N9: =G9-K9 -> 0
A10: 蚌埠吾悦店万小建 | B10: 蚌埠吾悦店 | C10: 会籍经理 | D10: 万小建 | E10: 在职 | F10: 5531.4395 | G10: 0 | H10: 朝晖人力 | I10: =VLOOKUP(A10,'[1]12月'!$A:$I,9,FALSE) -> 340321198606010899 | J10: =VLOOKUP(A10,'[1]12月'!$A:$J,10,FALSE) -> 1396528/6269 | K10: 0 | N10: =G10-K10 -> 0
A11: 蚌埠吾悦店邵家文 | B11: 蚌埠吾悦店 | C11: 会籍 | D11: 邵家文 | E11: 在职 | F11: 2765.236 | G11: 0 | H11: 朝晖人力 | I11: =VLOOKUP(A11,'[1]12月'!$A:$I,9,FALSE) -> 340321200412065031 | J11: =VLOOKUP(A11,'[1]12月'!$A:$J,10,FALSE) -> 17201600134 | K11: 0 | N11: =G11-K11 -> 0
A12: 蚌埠吾悦店赵惠春 | B12: 蚌埠吾悦店 | C12: 会籍 | D12: 赵惠春 | E12: 在职 | F12: 3611.92 | G12: 0 | H12: 朝晖人力 | I12: =VLOOKUP(A12,'[1]12月'!$A:$I,9,FALSE) -> 370406200602046621 | J12: =VLOOKUP(A12,'[1]12月'!$A:$J,10,FALSE) -> 19055243298 | K12: 0 | N12: =G12-K12 -> 0
A13: 蚌埠吾悦店曹泽 | B13: 蚌埠吾悦店 | C13: 会籍 | D13: 曹泽 | E13: 离职 | F13: 1501.44 | G13: 0 | H13: 朝晖人力 | I13: =VLOOKUP(A13,'[1]12月'!$A:$I,9,FALSE) -> 340323200404246919 | J13: =VLOOKUP(A13,'[1]12月'!$A:$J,10,FALSE) -> 19556139314 | K13: 0 | N13: =G13-K13 -> 0
A14: 蚌埠吾悦店刘庆康 | B14: 蚌埠吾悦店 | C14: 会籍 | D14: 刘庆康 | E14: 在职 | F14: 2428.464 | G14: 0 | H14: 朝晖人力 | I14: =VLOOKUP(A14,[2]在职名单!$D:$AE,28,FALSE) -> 340302200512121011 | J14: =VLOOKUP(A14,[2]在职名单!$D:$AJ,33,FALSE) -> 0 | K14: 0 | N14: =G14-K14 -> 0
A15: 蚌埠吾悦店蒋维月 | B15: 蚌埠吾悦店 | C15: 会籍 | D15: 蒋维月 | E15: 在职 | F15: 1988.9108 | G15: 0 | H15: 朝晖人力 | I15: 340322200712043869 | J15: =VLOOKUP(A15,[2]在职名单!$D:$AJ,33,FALSE) -> 18714837986 | K15: 0 | N15: =G15-K15 -> 0
A16: 蚌埠吾悦店刘备 | B16: 蚌埠吾悦店 | C16: 私教经理 | D16: 刘备 | E16: 离职 | F16: 919.5045 | G16: 0 | H16: =VLOOKUP(A16,'[1]12月'!$A:$H,8,FALSE) -> 不报 | I16: =VLOOKUP(A16,'[1]12月'!$A:$I,9,FALSE) -> 340321199403172454 | J16: =VLOOKUP(A16,'[1]12月'!$A:$J,10,FALSE) -> 15555536558 | N16: =G16-K16 -> 0
A17: 蚌埠吾悦店韦云 | B17: 蚌埠吾悦店 | C17: 私教 | D17: 韦云 | E17: 在职 | F17: 1667.3318 | G17: 0 | H17: =VLOOKUP(A17,'[1]12月'!$A:$H,8,FALSE) -> 朝晖人力 | I17: =VLOOKUP(A17,'[1]12月'!$A:$I,9,FALSE) -> 340321200008202145 | J17: =VLOOKUP(A17,'[1]12月'!$A:$J,10,FALSE) -> 15755244417 | K17: 0 | N17: =G17-K17 -> 0
A18: 蚌埠吾悦店栾金良 | B18: 蚌埠吾悦店 | C18: 私教经理 | D18: 栾金良 | E18: 在职 | F18: 8230.0058 | G18: 323.01 | H18: =VLOOKUP(A18,'[1]12月'!$A:$H,8,FALSE) -> 朝晖人力 | I18: =VLOOKUP(A18,'[1]12月'!$A:$I,9,FALSE) -> 321302198506180055 | J18: =VLOOKUP(A18,'[1]12月'!$A:$J,10,FALSE) -> 13815786616 | K18: 323 | N18: =G18-K18 -> 0.01
A19: 蚌埠吾悦店曲蓝鹤 | B19: 蚌埠吾悦店 | C19: 私教 | D19: 曲蓝鹤 | E19: 在职 | F19: 606.11865 | G19: 0 | H19: 朝晖人力 | I19: =VLOOKUP(A19,[2]在职名单!$D:$AE,28,FALSE) -> 230505199011080214 | J19: =VLOOKUP(A19,[2]在职名单!$D:$AJ,33,FALSE) -> 17755263617 | K19: 0 | N19: =G19-K19 -> 0
A20: 蚌埠吾悦店林康 | B20: 蚌埠吾悦店 | C20: 泳教主管 | D20: 林康 | E20: 在职 | F20: 3901.2 | G20: 0 | H20: 朝晖人力 | I20: =VLOOKUP(A20,'[1]12月'!$A:$I,9,FALSE) -> 340321200212060850 | J20: =VLOOKUP(A20,'[1]12月'!$A:$J,10,FALSE) -> 15056356955 | K20: 0 | N20: =G20-K20 -> 0
A21: 蚌埠吾悦店周凯乐 | B21: 蚌埠吾悦店 | C21: 泳教 | D21: 周凯乐 | E21: 离职 | F21: 353.85 | G21: 0 | H21: 朝晖人力 | I21: =VLOOKUP(A21,[2]在职名单!$D:$AE,28,FALSE) -> 340321200108182495 | J21: =VLOOKUP(A21,[2]在职名单!$D:$AJ,33,FALSE) -> 18715261682 | K21: 0 | N21: =G21-K21 -> 0
A22: 蚌埠吾悦店曹芷莹 | B22: 蚌埠吾悦店 | C22: 安全员 | D22: 曹芷莹 | E22: 离职 | F22: 884.62 | G22: 0 | H22: =VLOOKUP(A22,'[1]12月'!$A:$H,8,FALSE) -> 朝晖人力 | I22: =VLOOKUP(A22,'[1]12月'!$A:$I,9,FALSE) -> 340323200802166965 | J22: =VLOOKUP(A22,'[1]12月'!$A:$J,10,FALSE) -> 15155224390 | K22: 0 | N22: =G22-K22 -> 0
A23: 蚌埠银泰店彭莹莹 | B23: 蚌埠银泰店 | C23: 前台主管 | D23: 彭莹莹 | E23: 在职 | F23: 3390 | G23: 0 | H23: =VLOOKUP(A23,'[1]12月'!$A:$H,8,FALSE) -> 朝晖人力 | I23: =VLOOKUP(A23,'[1]12月'!$A:$I,9,FALSE) -> 34031119930320142X | J23: =VLOOKUP(A23,'[1]12月'!$A:$J,10,FALSE) -> 18895657368 | K23: 0 | N23: =G23-K23 -> 0
A24: 蚌埠银泰店田雨鑫 | B24: 蚌埠银泰店 | C24: 前台 | D24: 田雨鑫 | E24: 离职 | F24: 393.85 | G24: 0 | H24: =VLOOKUP(A24,'[1]12月'!$A:$H,8,FALSE) -> 朝晖人力 | I24: =VLOOKUP(A24,'[1]12月'!$A:$I,9,FALSE) -> 341282200503124621 | J24: =VLOOKUP(A24,'[1]12月'!$A:$J,10,FALSE) -> 13696683639 | K24: 0 | N24: =G24-K24 -> 0
A25: 蚌埠银泰店沈诗玉 | B25: 蚌埠银泰店 | C25: 前台 | D25: 沈诗玉 | E25: 离职 | F25: 2405.77 | G25: 0 | H25: =VLOOKUP(A25,'[1]12月'!$A:$H,8,FALSE) -> 朝晖人力 | I25: =VLOOKUP(A25,'[1]12月'!$A:$I,9,FALSE) -> 340321199808313104 | J25: =VLOOKUP(A25,'[1]12月'!$A:$J,10,FALSE) -> 18096548666 | K25: 0 | N25: =G25-K25 -> 0
A26: 蚌埠银泰店钱晴 | B26: 蚌埠银泰店 | C26: 前台 | D26: 钱晴 | E26: 离职 | F26: 1483.4569 | G26: 0 | H26: 朝晖人力 | I26: =VLOOKUP(A26,[2]在职名单!$D:$AE,28,FALSE) -> 340311200011021625 | J26: =VLOOKUP(A26,[2]在职名单!$D:$AJ,33,FALSE) -> 0 | K26: 0 | N26: =G26-K26 -> 0
A27: 蚌埠银泰店王秉江 | B27: 蚌埠银泰店 | C27: 保洁 | D27: 王秉江 | E27: 离职 | F27: 796.15 | G27: 0 | H27: =VLOOKUP(A27,'[1]12月'!$A:$H,8,FALSE) -> 朝晖人力 | I27: =VLOOKUP(A27,'[1]12月'!$A:$I,9,FALSE) -> 340304195704070430 | J27: =VLOOKUP(A27,'[1]12月'!$A:$J,10,FALSE) -> 18655224998 | K27: 0 | N27: =G27-K27 -> 0
A28: 蚌埠银泰店李桂华 | B28: 蚌埠银泰店 | C28: 保洁 | D28: 李桂华 | E28: 在职 | F28: 2500 | G28: 0 | H28: =VLOOKUP(A28,'[1]12月'!$A:$H,8,FALSE) -> 朝晖人力 | I28: =VLOOKUP(A28,'[1]12月'!$A:$I,9,FALSE) -> 340123196511187707 | J28: =VLOOKUP(A28,'[1]12月'!$A:$J,10,FALSE) -> 17705522172 | K28: 0 | N28: =G28-K28 -> 0
A29: 蚌埠银泰店沈智淮 | B29: 蚌埠银泰店 | C29: 保洁 | D29: 沈智淮 | E29: 在职 | F29: 1661.5415 | G29: 0 | H29: 不报 | I29: =VLOOKUP(A29,[2]在职名单!$D:$AE,28,FALSE) -> 340302195510010496 | J29: =VLOOKUP(A29,[2]在职名单!$D:$AJ,33,FALSE) -> 18109655880 | N29: =G29-K29 -> 0
A30: 蚌埠银泰店王紫贵 | B30: 蚌埠银泰店 | C30: 会籍 | D30: 王紫贵 | E30: 在职 | F30: 4199.15 | G30: 0 | H30: =VLOOKUP(A30,'[1]12月'!$A:$H,8,FALSE) -> 朝晖人力 | I30: =VLOOKUP(A30,'[1]12月'!$A:$I,9,FALSE) -> 340303200302060616 | J30: =VLOOKUP(A30,'[1]12月'!$A:$J,10,FALSE) -> 18255215140 | K30: 0 | N30: =G30-K30 -> 0
A31: 蚌埠银泰店蔡龙飞 | B31: 蚌埠银泰店 | C31: 会籍 | D31: 蔡龙飞 | E31: 离职 | F31: 1748.58 | G31: 0 | H31: 朝晖人力 | I31: 340321199303101253 | J31: =VLOOKUP(A31,[2]在职名单!$D:$AJ,33,FALSE) -> 0 | K31: 0 | N31: =G31-K31 -> 0
A32: 蚌埠银泰店史玲娟 | B32: 蚌埠银泰店 | C32: 会籍 | D32: 史玲娟 | E32: 在职 | F32: 5792.05 | G32: 0 | H32: =VLOOKUP(A32,'[1]12月'!$A:$H,8,FALSE) -> 朝晖人力 | I32: =VLOOKUP(A32,'[1]12月'!$A:$I,9,FALSE) -> 340323200311216227 | J32: =VLOOKUP(A32,'[1]12月'!$A:$J,10,FALSE) -> 15755212422 | K32: 0 | N32: =G32-K32 -> 0
A33: 蚌埠银泰店张鑫杰 | B33: 蚌埠银泰店 | C33: 会籍 | D33: 张鑫杰 | E33: 在职 | F33: 4032.7 | G33: 0 | H33: 朝晖人力 | I33: 410221200502176512 | J33: 18836866156 | K33: 0 | N33: =G33-K33 -> 0
A34: 蚌埠银泰店孙齐云 | B34: 蚌埠银泰店 | C34: 私教经理 | D34: 孙齐云 | E34: 在职 | F34: 6231.0879 | G34: 36.93 | H34: 朝晖人力 | I34: =VLOOKUP(A34,[2]在职名单!$D:$AE,28,FALSE) -> 342626199407204919 | J34: =VLOOKUP(A34,[2]在职名单!$D:$AJ,33,FALSE) -> 13851536096 | K34: 36.93 | N34: =G34-K34 -> 0
A35: 蚌埠银泰店王世俊 | B35: 蚌埠银泰店 | C35: 私教 | D35: 王世俊 | E35: 离职 | F35: 1711.791 | G35: 0 | H35: =VLOOKUP(A35,'[1]12月'!$A:$H,8,FALSE) -> 朝晖人力 | I35: =VLOOKUP(A35,'[1]12月'!$A:$I,9,FALSE) -> 341126200502185637 | J35: =VLOOKUP(A35,'[1]12月'!$A:$J,10,FALSE) -> 15755297200 | K35: 0 | N35: =G35-K35 -> 0
A36: 蚌埠银泰店郑贤发 | B36: 蚌埠银泰店 | C36: 私教 | D36: 郑贤发 | E36: 在职 | F36: 7176.66 | G36: 65.3 | H36: 朝晖人力 | I36: =VLOOKUP(A36,[2]在职名单!$D:$AE,28,FALSE) -> 411524199010213613 | J36: =VLOOKUP(A36,[2]在职名单!$D:$AJ,33,FALSE) -> 15162958171 | K36: 65.3 | N36: =G36-K36 -> 0
A37: 蚌埠银泰店迟宁 | B37: 蚌埠银泰店 | C37: 私教 | D37: 迟宁 | E37: 在职 | F37: 290.76646 | G37: 0 | H37: 朝晖人力 | I37: 340311199711100644 | J37: 18855296695 | K37: 0 | N37: =G37-K37 -> 0
A38: 蚌埠银泰店李彬 | B38: 蚌埠银泰店 | C38: 泳教主管 | D38: 李彬 | E38: 在职 | F38: 4652.25 | G38: 0 | H38: =VLOOKUP(A38,'[1]12月'!$A:$H,8,FALSE) -> 朝晖人力 | I38: =VLOOKUP(A38,'[1]12月'!$A:$I,9,FALSE) -> 340321199910036238 | J38: =VLOOKUP(A38,'[1]12月'!$A:$J,10,FALSE) -> 15050227449 | K38: 0 | N38: =G38-K38 -> 0
A39: 蚌埠银泰店丁武帅 | B39: 蚌埠银泰店 | C39: 泳教 | D39: 丁武帅 | E39: 离职 | F39: 740.77 | G39: 0 | H39: 朝晖人力 | I39: =VLOOKUP(A39,[2]在职名单!$D:$AE,28,FALSE) -> 340321200211081852 | J39: =VLOOKUP(A39,[2]在职名单!$D:$AJ,33,FALSE) -> 18055277868 | K39: 0 | N39: =G39-K39 -> 0
A40: 蚌埠银泰店王宇恒 | B40: 蚌埠银泰店 | C40: 泳教 | D40: 王宇恒 | E40: 在职 | F40: 1652.6892 | G40: 0 | H40: 朝晖人力 | I40: 340321200206273438 | J40: 18155415334 | K40: 0 | N40: =G40-K40 -> 0
A41: 蚌埠银泰店高传宏 | B41: 蚌埠银泰店 | C41: 泳教 | D41: 高传宏 | E41: 在职 | F41: 2307.6954 | G41: 0 | H41: 朝晖人力 | I41: =VLOOKUP(A41,[2]在职名单!$D:$AE,28,FALSE) -> 340304196904170633 | J41: =VLOOKUP(A41,[2]在职名单!$D:$AJ,33,FALSE) -> 13295524310 | K41: 0 | N41: =G41-K41 -> 0
A42: 淮北吾悦店欧林雨 | B42: 淮北吾悦店 | C42: 前台主管 | D42: 欧林雨 | E42: 在职 | F42: 4590.51 | G42: 0 | H42: =VLOOKUP(A42,'[1]12月'!$A:$H,8,FALSE) -> 朝晖人力 | I42: =VLOOKUP(A42,'[1]12月'!$A:$I,9,FALSE) -> 342222200201195824 | J42: =VLOOKUP(A42,'[1]12月'!$A:$J,10,FALSE) -> 19856101932 | K42: 0 | N42: =G42-K42 -> 0
A43: 淮北吾悦店王紫妍 | B43: 淮北吾悦店 | C43: 前台 | D43: 王紫妍 | E43: 在职 | F43: 3038.85 | G43: 0 | H43: =VLOOKUP(A43,'[1]12月'!$A:$H,8,FALSE) -> 朝晖人力 | I43: =VLOOKUP(A43,'[1]12月'!$A:$I,9,FALSE) -> 340602200312120424 | J43: =VLOOKUP(A43,'[1]12月'!$A:$J,10,FALSE) -> 17756143344 | K43: 0 | N43: =G43-K43 -> 0
A44: 淮北吾悦店高泉 | B44: 淮北吾悦店 | C44: 保洁 | D44: 高泉 | E44: 在职 | F44: 2380 | G44: 0 | H44: =VLOOKUP(A44,'[1]12月'!$A:$H,8,FALSE) -> 朝晖人力 | I44: =VLOOKUP(A44,'[1]12月'!$A:$I,9,FALSE) -> 342123196308128893 | J44: =VLOOKUP(A44,'[1]12月'!$A:$J,10,FALSE) -> 15156191196 | K44: 0 | N44: =G44-K44 -> 0
A45: 淮北吾悦店王志鹏 | B45: 淮北吾悦店 | C45: 私教 | D45: 王志鹏 | E45: 离职 | F45: 1796.535 | G45: 0 | H45: =VLOOKUP(A45,'[1]12月'!$A:$H,8,FALSE) -> 朝晖人力 | I45: =VLOOKUP(A45,'[1]12月'!$A:$I,9,FALSE) -> 340123200211201676 | J45: =VLOOKUP(A45,'[1]12月'!$A:$J,10,FALSE) -> 18955104181 | K45: 0 | N45: =G45-K45 -> 0
A46: 淮北吾悦店俞凯乐 | B46: 淮北吾悦店 | C46: 泳教主管 | D46: 俞凯乐 | E46: 离职 | F46: 29.06 | G46: 0 | H46: =VLOOKUP(A46,'[1]12月'!$A:$H,8,FALSE) -> 朝晖人力 | I46: =VLOOKUP(A46,'[1]12月'!$A:$I,9,FALSE) -> 340603199611244217 | J46: =VLOOKUP(A46,'[1]12月'!$A:$J,10,FALSE) -> 18726914619 | K46: 0 | N46: =G46-K46 -> 0
A47: 淮南吾悦店周涛 | B47: 淮南吾悦店 | C47: 店长 | D47: 周涛 | E47: 在职 | F47: 14221.138 | G47: 276.64 | H47: =VLOOKUP(A47,'[1]12月'!$A:$H,8,FALSE) -> 武汉山道 | I47: =VLOOKUP(A47,'[1]12月'!$A:$I,9,FALSE) -> 421125198511060012 | J47: =VLOOKUP(A47,'[1]12月'!$A:$J,10,FALSE) -> 15927100269 | K47: 276.64 | N47: =G47-K47 -> 0
A48: 淮南吾悦店刘徐晴 | B48: 淮南吾悦店 | C48: 前台主管 | D48: 刘徐晴 | E48: 在职 | F48: 4040 | G48: 0 | H48: =VLOOKUP(A48,'[1]12月'!$A:$H,8,FALSE) -> 朝晖人力 | I48: =VLOOKUP(A48,'[1]12月'!$A:$I,9,FALSE) -> 340406199205233043 | J48: =VLOOKUP(A48,'[1]12月'!$A:$J,10,FALSE) -> 17730160242 | K48: 0 | N48: =G48-K48 -> 0
A49: 淮南吾悦店张晓冬 | B49: 淮南吾悦店 | C49: 前台 | D49: 张晓冬 | E49: 在职 | F49: 2990 | G49: 0 | H49: =VLOOKUP(A49,'[1]12月'!$A:$H,8,FALSE) -> 朝晖人力 | I49: =VLOOKUP(A49,'[1]12月'!$A:$I,9,FALSE) -> 42282519991003064X | J49: =VLOOKUP(A49,'[1]12月'!$A:$J,10,FALSE) -> 15623356005 | K49: 0 | N49: =G49-K49 -> 0
A50: 淮南吾悦店林丽 | B50: 淮南吾悦店 | C50: 保洁 | D50: 林丽 | E50: 在职 | F50: 2390 | G50: 0 | H50: =VLOOKUP(A50,'[1]12月'!$A:$H,8,FALSE) -> 朝晖人力 | I50: =VLOOKUP(A50,'[1]12月'!$A:$I,9,FALSE) -> 340406197002032242 | J50: =VLOOKUP(A50,'[1]12月'!$A:$J,10,FALSE) -> 19855485653 | K50: 0 | N50: =G50-K50 -> 0
A51: 淮南吾悦店许邦元 | B51: 淮南吾悦店 | C51: 保洁 | D51: 许邦元 | E51: 在职 | F51: 2390 | G51: 0 | H51: =VLOOKUP(A51,'[1]12月'!$A:$H,8,FALSE) -> 朝晖人力 | I51: =VLOOKUP(A51,'[1]12月'!$A:$I,9,FALSE) -> 340402196002250012 | J51: =VLOOKUP(A51,'[1]12月'!$A:$J,10,FALSE) -> 15755400059 | K51: 0 | N51: =G51-K51 -> 0
A52: 淮南吾悦店焦家喻 | B52: 淮南吾悦店 | C52: 会籍经理 | D52: 焦家喻 | E52: 在职 | F52: 6987.185 | G52: 198.72 | H52: =VLOOKUP(A52,'[1]12月'!$A:$H,8,FALSE) -> 朝晖人力 | I52: =VLOOKUP(A52,'[1]12月'!$A:$I,9,FALSE) -> 422326198512295217 | J52: =VLOOKUP(A52,'[1]12月'!$A:$J,10,FALSE) -> 13997538150 | K52: 198.72 | N52: =G52-K52 -> 0
A53: 淮南吾悦店马晨晨 | B53: 淮南吾悦店 | C53: 会籍 | D53: 马晨晨 | E53: 在职 | F53: 3764.32 | G53: 0 | H53: =VLOOKUP(A53,'[1]12月'!$A:$H,8,FALSE) -> 朝晖人力 | I53: =VLOOKUP(A53,'[1]12月'!$A:$I,9,FALSE) -> 340405199309040047 | J53: =VLOOKUP(A53,'[1]12月'!$A:$J,10,FALSE) -> 16605542692 | K53: 0 | N53: =G53-K53 -> 0
... A65: 宿州吾悦店武梦瑶 | B65: 宿州吾悦店 | C65: 前台 | D65: 武梦瑶 | E65: 离职 | F65: 2575.39 | G65: 0 | H65: =VLOOKUP(A65,'[1]12月'!$A:$H,8,FALSE) -> 朝晖人力 | I65: =VLOOKUP(A65,'[1]12月'!$A:$I,9,FALSE) -> 341302200407280425 | J65: =VLOOKUP(A65,'[1]12月'!$A:$J,10,FALSE) -> 15720578797 | K65: 0 | N65: =G65-K65 -> 0
A66: 宿州吾悦店陈晨 | B66: 宿州吾悦店 | C66: 前台 | D66: 陈晨 | E66: 在职 | F66: 2985 | G66: 0 | H66: =VLOOKUP(A66,'[1]12月'!$A:$H,8,FALSE) -> 朝晖人力 | I66: 341323200406160562 | J66: 15398200885 | K66: 0 | N66: =G66-K66 -> 0
A67: 宿州吾悦店王淑萍 | B67: 宿州吾悦店 | C67: 保洁 | D67: 王淑萍 | E67: 在职 | F67: 2385 | G67: 0 | H67: =VLOOKUP(A67,'[1]12月'!$A:$H,8,FALSE) -> 朝晖人力 | I67: =VLOOKUP(A67,'[1]12月'!$A:$I,9,FALSE) -> 340604196008270480 | J67: =VLOOKUP(A67,'[1]12月'!$A:$J,10,FALSE) -> 13026041688 | K67: 0 | N67: =G67-K67 -> 0
A68: 宿州吾悦店哈大宝 | B68: 宿州吾悦店 | C68: 保洁 | D68: 哈大宝 | E68: 在职 | F68: 2385 | G68: 0 | H68: =VLOOKUP(A68,'[1]12月'!$A:$H,8,FALSE) -> 朝晖人力 | I68: =VLOOKUP(A68,'[1]12月'!$A:$I,9,FALSE) -> 340621196008214813 | J68: =VLOOKUP(A68,'[1]12月'!$A:$J,10,FALSE) -> 13866590052 | K68: 0 | N68: =G68-K68 -> 0
A69: 宿州吾悦店李金鞠 | B69: 宿州吾悦店 | C69: 会籍经理 | D69: 李金鞠 | E69: 在职 | F69: 8120.024 | G69: 0 | H69: =VLOOKUP(A69,'[1]12月'!$A:$H,8,FALSE) -> 朝晖人力 | I69: =VLOOKUP(A69,'[1]12月'!$A:$I,9,FALSE) -> 342201198804070420 | J69: =VLOOKUP(A69,'[1]12月'!$A:$J,10,FALSE) -> 18705579951 | K69: 0 | N69: =G69-K69 -> 0
A70: 宿州吾悦店王宁 | B70: 宿州吾悦店 | C70: 会籍 | D70: 王宁 | E70: 在职 | F70: 2022 | G70: 0 | H70: =VLOOKUP(A70,'[1]12月'!$A:$H,8,FALSE) -> 朝晖人力 | I70: =VLOOKUP(A70,'[1]12月'!$A:$I,9,FALSE) -> 342201199210316416 | J70: =VLOOKUP(A70,'[1]12月'!$A:$J,10,FALSE) -> 18714903660 | K70: 0 | N70: =G70-K70 -> 0
A71: 宿州吾悦店杨子席 | B71: 宿州吾悦店 | C71: 会籍 | D71: 杨子席 | E71: 在职 | F71: 1920.24 | G71: 0 | H71: =VLOOKUP(A71,'[1]12月'!$A:$H,8,FALSE) -> 朝晖人力 | I71: =VLOOKUP(A71,'[1]12月'!$A:$I,9,FALSE) -> 34130220060305285X | J71: =VLOOKUP(A71,'[1]12月'!$A:$J,10,FALSE) -> 18895767395 | K71: 0 | N71: =G71-K71 -> 0
A72: 宿州吾悦店吴忠虎 | B72: 宿州吾悦店 | C72: 私教 | D72: 吴忠虎 | E72: 在职 | F72: 3972.24 | G72: 0 | H72: =VLOOKUP(A72,'[1]12月'!$A:$H,8,FALSE) -> 朝晖人力 | I72: =VLOOKUP(A72,'[1]12月'!$A:$I,9,FALSE) -> 342201199703101616 | J72: =VLOOKUP(A72,'[1]12月'!$A:$J,10,FALSE) -> 13855722392 | K72: 0 | N72: =G72-K72 -> 0
A73: 宿州吾悦店陈晨 | B73: 宿州吾悦店 | C73: 私教 | D73: 陈晨 | E73: 在职 | F73: 4536.8743 | G73: 0 | H73: =VLOOKUP(A73,'[1]12月'!$A:$H,8,FALSE) -> 朝晖人力 | I73: =VLOOKUP(A73,'[1]12月'!$A:$I,9,FALSE) -> 342201199508031835 | J73: =VLOOKUP(A73,'[1]12月'!$A:$J,10,FALSE) -> 15306265124 | K73: 0 | N73: =G73-K73 -> 0
A74: 宿州吾悦店王佳康 | B74: 宿州吾悦店 | C74: 私教 | D74: 王佳康 | E74: 离职 | F74: 36 | G74: 0 | H74: =VLOOKUP(A74,'[1]12月'!$A:$H,8,FALSE) -> 朝晖人力 | I74: =VLOOKUP(A74,'[1]12月'!$A:$I,9,FALSE) -> 341302200407228512 | J74: =VLOOKUP(A74,'[1]12月'!$A:$J,10,FALSE) -> 18325719903 | K74: 0 | N74: =G74-K74 -> 0
A75: 宿州吾悦店朱欣园 | B75: 宿州吾悦店 | C75: 私教 | D75: 朱欣园 | E75: 在职 | F75: 4799.97 | G75: 0 | H75: =VLOOKUP(A75,'[1]12月'!$A:$H,8,FALSE) -> 朝晖人力 | I75: =VLOOKUP(A75,'[1]12月'!$A:$I,9,FALSE) -> 340621200508084436 | J75: =VLOOKUP(A75,'[1]12月'!$A:$J,10,FALSE) -> 17682726539 | K75: 0 | N75: =G75-K75 -> 0
A76: 宿州吾悦店李伟 | B76: 宿州吾悦店 | C76: 私教 | D76: 李伟 | E76: 离职 | F76: 246.15 | G76: 0 | H76: 不报 | I76: =VLOOKUP(A76,[2]离职名单!$D:$P,13,FALSE) -> #N/A | J76: =VLOOKUP(A76,[2]在职名单!$D:$AJ,33,FALSE) -> #N/A | N76: =G76-K76 -> 0
A77: 宿州吾悦店孟鑫 | B77: 宿州吾悦店 | C77: 私教 | D77: 孟鑫 | E77: 兼职 | F77: 67.5 | G77: 0 | H77: 不报 | I77: =VLOOKUP(A77,[2]在职名单!$D:$AE,28,FALSE) -> 0 | J77: =VLOOKUP(A77,[2]在职名单!$D:$AJ,33,FALSE) -> 0 | N77: =G77-K77 -> 0
A78: 宿州吾悦店邢雪 | B78: 宿州吾悦店 | C78: 泳教 | D78: 邢雪雪 | E78: 在职 | F78: 4993.2 | G78: 0 | H78: =VLOOKUP(A78,'[1]12月'!$A:$H,8,FALSE) -> 朝晖人力 | I78: =VLOOKUP(A78,'[1]12月'!$A:$I,9,FALSE) -> 342201199008083284 | J78: =VLOOKUP(A78,'[1]12月'!$A:$J,10,FALSE) -> 15155702610 | K78: 0 | N78: =G78-K78 -> 0
A79: 宿州吾悦店孙璐 | B79: 宿州吾悦店 | C79: 泳教主管 | D79: 孙璐 | E79: 在职 | F79: 9800.9742 | G79: 0 | H79: =VLOOKUP(A79,'[1]12月'!$A:$H,8,FALSE) -> 朝晖人力 | I79: =VLOOKUP(A79,'[1]12月'!$A:$I,9,FALSE) -> 341302200205149015 | J79: =VLOOKUP(A79,'[1]12月'!$A:$J,10,FALSE) -> 19955776097 | K79: 0 | N79: =G79-K79 -> 0
A80: 宿州吾悦店王宇杰 | B80: 宿州吾悦店 | C80: 泳教 | D80: 王宇杰 | E80: 兼职 | F80: 260 | G80: 0 | H80: =VLOOKUP(A80,'[1]12月'!$A:$H,8,FALSE) -> 朝晖人力 | I80: =VLOOKUP(A80,'[1]12月'!$A:$I,9,FALSE) -> 341302200409157711 | J80: =VLOOKUP(A80,'[1]12月'!$A:$J,10,FALSE) -> 19856073949 | K80: 0 | N80: =G80-K80 -> 0
A81: 宿州吾悦店张鹏 | B81: 宿州吾悦店 | C81: 泳教 | D81: 张鹏 | E81: 兼职 | F81: 356 | G81: 0 | H81: =VLOOKUP(A81,'[1]12月'!$A:$H,8,FALSE) -> 不报 | I81: =VLOOKUP(A81,'[1]12月'!$A:$I,9,FALSE) -> 342201196802280417 | J81: =VLOOKUP(A81,'[1]12月'!$A:$J,10,FALSE) -> 15755710088 | N81: =G81-K81 -> 0
A82: 华农店陆航语 | B82: 华农店 | C82: 前台 | D82: 陆航语 | E82: 在职 | F82: 2975 | G82: 0 | H82: =VLOOKUP(A82,'[1]12月'!$A:$H,8,FALSE) -> 朝晖人力 | I82: =VLOOKUP(A82,'[1]12月'!$A:$I,9,FALSE) -> 422826200009215520 | J82: =VLOOKUP(A82,'[1]12月'!$A:$J,10,FALSE) -> 18371822541 | K82: 0 | N82: =G82-K82 -> 0
A83: 华农店何丹丹 | B83: 华农店 | C83: 前台 | D83: 何丹丹 | E83: 离职 | F83: 2454.81 | G83: 0 | H83: =VLOOKUP(A83,'[1]12月'!$A:$H,8,FALSE) -> 朝晖人力 | I83: =VLOOKUP(A83,'[1]12月'!$A:$I,9,FALSE) -> 421125200501286122 | J83: =VLOOKUP(A83,'[1]12月'!$A:$J,10,FALSE) -> 19986875770 | K83: 0 | N83: =G83-K83 -> 0
A84: 华农店何家珍 | B84: 华农店 | C84: 保洁 | D84: 何家珍 | E84: 在职 | F84: 3475 | G84: 0 | H84: =VLOOKUP(A84,'[1]12月'!$A:$H,8,FALSE) -> 南湖 | I84: =VLOOKUP(A84,'[1]12月'!$A:$I,9,FALSE) -> 420122196810222844 | J84: =VLOOKUP(A84,'[1]12月'!$A:$J,10,FALSE) -> 13871599682 | K84: 0 | N84: =G84-K84 -> 0
A85: 华农店郭凯 | B85: 华农店 | C85: 店长 | D85: 郭凯 | E85: 在职 | F85: 12550 | G85: 121.5 | H85: =VLOOKUP(A85,'[1]12月'!$A:$H,8,FALSE) -> 武汉山道 | I85: =VLOOKUP(A85,'[1]12月'!$A:$I,9,FALSE) -> 421182199603072952 | J85: =VLOOKUP(A85,'[1]12月'!$A:$J,10,FALSE) -> 13817689240 | K85: 121.5 | N85: =G85-K85 -> 0
A86: 华农店沈盼 | B86: 华农店 | C86: 私教经理 | D86: 沈盼 | E86: 在职 | F86: 15723.888 | G86: 0 | H86: =VLOOKUP(A86,'[1]12月'!$A:$H,8,FALSE) -> 南湖 | I86: =VLOOKUP(A86,'[1]12月'!$A:$I,9,FALSE) -> 422126199901264012 | J86: =VLOOKUP(A86,'[1]12月'!$A:$J,10,FALSE) -> 18872230919 | K86: 0 | N86: =G86-K86 -> 0
A87: 华农店李志林 | B87: 华农店 | C87: 私教 | D87: 李志林 | E87: 在职 | F87: 8782.8652 | G87: 113.48 | H87: =VLOOKUP(A87,'[1]12月'!$A:$H,8,FALSE) -> 南湖 | I87: =VLOOKUP(A87,'[1]12月'!$A:$I,9,FALSE) -> 421221200007170714 | J87: =VLOOKUP(A87,'[1]12月'!$A:$J,10,FALSE) -> 15926928101 | K87: 113.48 | N87: =G87-K87 -> 0
A88: 华农店李超 | B88: 华农店 | C88: 私教 | D88: 李超 | E88: 在职 | F88: 18874.147 | G88: 722.63 | H88: =VLOOKUP(A88,'[1]12月'!$A:$H,8,FALSE) -> 武汉山道 | I88: =VLOOKUP(A88,'[1]12月'!$A:$I,9,FALSE) -> 420106198710140058 | J88: =VLOOKUP(A88,'[1]12月'!$A:$J,10,FALSE) -> 13667230900 | K88: 722.64 | N88: =G88-K88 -> -0.01
A89: 华农店杨显川 | B89: 华农店 | C89: 私教 | D89: 杨显川 | E89: 在职 | F89: 5464.5505 | G89: 0 | H89: =VLOOKUP(A89,'[1]12月'!$A:$H,8,FALSE) -> 南湖 | I89: =VLOOKUP(A89,'[1]12月'!$A:$I,9,FALSE) -> 420984199910052017 | J89: =VLOOKUP(A89,'[1]12月'!$A:$J,10,FALSE) -> 17671720251 | K89: 0 | N89: =G89-K89 -> 0
A90: 华农店徐亮 | B90: 华农店 | C90: 泳教 | D90: 徐亮 | E90: 在职 | F90: 3371.87 | G90: 0 | H90: =VLOOKUP(A90,'[1]12月'!$A:$H,8,FALSE) -> 南湖 | I90: =VLOOKUP(A90,'[1]12月'!$A:$I,9,FALSE) -> 421125200202193356 | J90: =VLOOKUP(A90,'[1]12月'!$A:$J,10,FALSE) -> 18140671940 | K90: 0 | N90: =G90-K90 -> 0
A91: 华农店徐家乐 | B91: 华农店 | C91: 泳教 | D91: 徐家乐 | E91: 在职 | F91: 10541.312 | G91: 404.13 | H91: =VLOOKUP(A91,'[1]12月'!$A:$H,8,FALSE) -> 南湖 | I91: =VLOOKUP(A91,'[1]12月'!$A:$I,9,FALSE) -> 341203200101121916 | J91: =VLOOKUP(A91,'[1]12月'!$A:$J,10,FALSE) -> 17328453872 | K91: 404.13 | N91: =G91-K91 -> 0
A92: 华农店韩永虎 | B92: 华农店 | C92: 救生员 | D92: 韩永虎 | E92: 在职 | F92: 3000 | G92: 0 | H92: =VLOOKUP(A92,'[1]12月'!$A:$H,8,FALSE) -> 鑫镒百货 | I92: =VLOOKUP(A92,'[1]12月'!$A:$I,9,FALSE) -> 422727196507245337 | J92: =VLOOKUP(A92,'[1]12月'!$A:$J,10,FALSE) -> 13872527441 | L92: 0 | N92: =G92-K92 -> 0
A93: 华农店占祺丹 | B93: 华农店 | C93: 泳教 | D93: 占祺丹 | E93: 在职 | F93: 3418.9058 | G93: 0 | H93: =VLOOKUP(A93,'[1]12月'!$A:$H,8,FALSE) -> 南湖 | I93: =VLOOKUP(A93,'[1]12月'!$A:$I,9,FALSE) -> 421126200405015433 | J93: =VLOOKUP(A93,'[1]12月'!$A:$J,10,FALSE) -> 13117073577 | K93: 0 | N93: =G93-K93 -> 0
A94: 荆州店李浩 | B94: 荆州店 | C94: 店长 | D94: 李浩 | E94: 在职 | F94: 9712.616 | G94: 471.26 | H94: =VLOOKUP(A94,'[1]12月'!$A:$H,8,FALSE) -> 荆州分公司 | I94: =VLOOKUP(A94,'[1]12月'!$A:$I,9,FALSE) -> 421022198908087833 | J94: =VLOOKUP(A94,'[1]12月'!$A:$J,10,FALSE) -> 13545649629 | K94: 471.26 | N94: =G94-K94 -> 0
A95: 荆州店何艳艳 | B95: 荆州店 | C95: 运营主管 | D95: 何艳艳 | E95: 在职 | F95: 4200 | G95: 0 | H95: =VLOOKUP(A95,'[1]12月'!$A:$H,8,FALSE) -> 荆州分公司 | I95: =VLOOKUP(A95,'[1]12月'!$A:$I,9,FALSE) -> 420822198510106881 | J95: =VLOOKUP(A95,'[1]12月'!$A:$J,10,FALSE) -> 13437220258 | K95: 0 | N95: =G95-K95 -> 0
A96: 荆州店索生露 | B96: 荆州店 | C96: 前台 | D96: 索生露 | E96: 在职 | F96: 2788 | G96: 0 | H96: =VLOOKUP(A96,'[1]12月'!$A:$H,8,FALSE) -> 朝晖人力 | I96: =VLOOKUP(A96,'[1]12月'!$A:$I,9,FALSE) -> 421003200202101024 | J96: =VLOOKUP(A96,'[1]12月'!$A:$J,10,FALSE) -> 19530522062 | K96: 0 | N96: =G96-K96 -> 0
A97: 荆州店刘保玲 | B97: 荆州店 | C97: 保洁 | D97: 刘保玲 | E97: 在职 | F97: 2700 | G97: 0 | H97: =VLOOKUP(A97,'[1]12月'!$A:$H,8,FALSE) -> 荆州分公司 | I97: =VLOOKUP(A97,'[1]12月'!$A:$I,9,FALSE) -> 422421196602075845 | J97: =VLOOKUP(A97,'[1]12月'!$A:$J,10,FALSE) -> 18672370860 | K97: 0 | N97: =G97-K97 -> 0
A98: 荆州店崔青梅 | B98: 荆州店 | C98: 保洁 | D98: 崔青梅 | E98: 在职 | F98: 2500 | G98: 0 | H98: =VLOOKUP(A98,'[1]12月'!$A:$H,8,FALSE) -> 朝晖人力 | I98: =VLOOKUP(A98,'[1]12月'!$A:$I,9,FALSE) -> 422421195612131826 | J98: =VLOOKUP(A98,'[1]12月'!$A:$J,10,FALSE) -> 18607218817 | K98: 0 | N98: =G98-K98 -> 0
A99: 荆州店周晓霞 | B99: 荆州店 | C99: 会籍 | D99: 周晓霞 | E99: 在职 | F99: 7879.422 | G99: 38.16 | H99: =VLOOKUP(A99,'[1]12月'!$A:$H,8,FALSE) -> 荆州分公司 | I99: =VLOOKUP(A99,'[1]12月'!$A:$I,9,FALSE) -> 420527199309172609 | J99: =VLOOKUP(A99,'[1]12月'!$A:$J,10,FALSE) -> 13767993203 | K99: 38.16 | N99: =G99-K99 -> 0
A100: 荆州店魏涛 | B100: 荆州店 | C100: 会籍 | D100: 魏涛 | E100: 在职 | F100: 8188.122 | G100: 0 | H100: =VLOOKUP(A100,'[1]12月'!$A:$H,8,FALSE) -> 荆州分公司 | I100: =VLOOKUP(A100,'[1]12月'!$A:$I,9,FALSE) -> 420323200110083114 | J100: =VLOOKUP(A100,'[1]12月'!$A:$J,10,FALSE) -> 18671918794 | K100: 0 | N100: =G100-K100 -> 0
A101: 荆州店余波 | B101: 荆州店 | C101: 会籍主管 | D101: 余波 | E101: 在职 | F101: 4603.042 | G101: 0 | H101: =VLOOKUP(A101,'[1]12月'!$A:$H,8,FALSE) -> 荆州分公司 | I101: =VLOOKUP(A101,'[1]12月'!$A:$I,9,FALSE) -> 420322200102122711 | J101: =VLOOKUP(A101,'[1]12月'!$A:$J,10,FALSE) -> 19537490212 | K101: 0 | N101: =G101-K101 -> 0
A102: 荆州店何晓蕾 | B102: 荆州店 | C102: 私教经理 | D102: 何晓蕾 | E102: 在职 | F102: 15593.656 | G102: 1059.36 | H102: =VLOOKUP(A102,'[1]12月'!$A:$H,8,FALSE) -> 荆州分公司 | I102: =VLOOKUP(A102,'[1]12月'!$A:$I,9,FALSE) -> 421003198609061554 | J102: =VLOOKUP(A102,'[1]12月'!$A:$J,10,FALSE) -> 17879581263 | K102: 1059.37 | N102: =G102-K102 -> -0.01
A103: 荆州店李鹏 | B103: 荆州店 | C103: 私教 | D103: 李鹏 | E103: 在职 | F103: 4251.8658 | G103: 0 | H103: =VLOOKUP(A103,'[1]12月'!$A:$H,8,FALSE) -> 荆州分公司 | I103: =VLOOKUP(A103,'[1]12月'!$A:$I,9,FALSE) -> 421022199408152496 | J103: =VLOOKUP(A103,'[1]12月'!$A:$J,10,FALSE) -> 18872932531 | K103: 0 | N103: =G103-K103 -> 0
A104: 荆州店冯盼 | B104: 荆州店 | C104: 私教 | D104: 冯盼 | E104: 在职 | F104: 8661.1275 | G104: 33.46 | H104: =VLOOKUP(A104,'[1]12月'!$A:$H,8,FALSE) -> 武汉山道 | I104: =VLOOKUP(A104,'[1]12月'!$A:$I,9,FALSE) -> 420222199304104879 | J104: =VLOOKUP(A104,'[1]12月'!$A:$J,10,FALSE) -> 15079071653 | K104: 19.37 | N104: =G104-K104 -> 14.09
... A117: 荆州店孟如心 | B117: 荆州店 | C117: 泳教 | D117: 孟如心 | E117: 兼职 | F117: 360 | G117: 0 | H117: =VLOOKUP(A117,'[1]12月'!$A:$H,8,FALSE) -> 朝晖人力 | I117: =VLOOKUP(A117,'[1]12月'!$A:$I,9,FALSE) -> “420881200312087421 | J117: =VLOOKUP(A117,'[1]12月'!$A:$J,10,FALSE) -> 18371151802 | K117: 0 | N117: =G117-K117 -> 0
A118: 荆州店杨成 | B118: 荆州店 | C118: 救生员 | D118: 杨成 | E118: 在职 | F118: 2104.6738 | G118: 0 | H118: 朝晖人力 | I118: 530627200601144994 | J118: =VLOOKUP(A118,[2]在职名单!$D:$AJ,33,FALSE) -> 18972132085 | K118: 0 | N118: =G118-K118 -> 0
A119: 荆州二店马萍思 | B119: 荆州二店 | C119: 前台主管 | D119: 马萍思 | E119: 在职 | F119: 4000 | G119: 0 | H119: =VLOOKUP(A119,'[1]12月'!$A:$H,8,FALSE) -> 朝晖人力 | I119: =VLOOKUP(A119,'[1]12月'!$A:$I,9,FALSE) -> 421002200401305023 | J119: =VLOOKUP(A119,'[1]12月'!$A:$J,10,FALSE) -> 15727237247 | K119: 0 | N119: =G119-K119 -> 0
A120: 荆州二店高怡云 | B120: 荆州二店 | C120: 前台 | D120: 高怡云 | E120: 在职 | F120: 2785 | G120: 0 | H120: =VLOOKUP(A120,'[1]12月'!$A:$H,8,FALSE) -> 朝晖人力 | I120: =VLOOKUP(A120,'[1]12月'!$A:$I,9,FALSE) -> 420922200306151429 | J120: =VLOOKUP(A120,'[1]12月'!$A:$J,10,FALSE) -> 18071464080 | K120: 0 | N120: =G120-K120 -> 0
A121: 荆州二店张丽华 | B121: 荆州二店 | C121: 保洁 | D121: 张丽华 | E121: 在职 | F121: 2800 | G121: 0 | H121: =VLOOKUP(A121,'[1]12月'!$A:$H,8,FALSE) -> 朝晖人力 | I121: =VLOOKUP(A121,'[1]12月'!$A:$I,9,FALSE) -> 420400196206261482 | J121: =VLOOKUP(A121,'[1]12月'!$A:$J,10,FALSE) -> 17798353605 | K121: 0 | N121: =G121-K121 -> 0
A122: 荆州二店黄荣海 | B122: 荆州二店 | C122: 保洁 | D122: 黄荣海 | E122: 在职 | F122: 2800 | G122: 0 | H122: =VLOOKUP(A122,'[1]12月'!$A:$H,8,FALSE) -> 朝晖人力 | I122: =VLOOKUP(A122,'[1]12月'!$A:$I,9,FALSE) -> 420400195712101014 | J122: =VLOOKUP(A122,'[1]12月'!$A:$J,10,FALSE) -> 15572198880 | K122: 0 | N122: =G122-K122 -> 0
A123: 荆州二店宁帆 | B123: 荆州二店 | C123: 会籍经理 | D123: 宁帆 | E123: 在职 | F123: 10625.645 | G123: 0 | H123: =VLOOKUP(A123,'[1]12月'!$A:$H,8,FALSE) -> 朝晖人力 | I123: =VLOOKUP(A123,'[1]12月'!$A:$I,9,FALSE) -> 420684199002286030 | J123: =VLOOKUP(A123,'[1]12月'!$A:$J,10,FALSE) -> 13296690800 | K123: 0 | N123: =G123-K123 -> 0
...

Sheet 2月
A1: 门店+姓名 | B1: 门店 | C1: 岗位 | D1: 姓名 | E1: 员工状态 | F1: 报税工资 | G1: 个税 | H1: 分公司 | I1: 身份证号 | J1: 联系方式 | K1: 实际个税 | L1: 备注 | N1: 差额 | P1: 差额1
D2: 刘甜甜 | F2: 17000 | G2: 360 | H2: 武汉山道 | I2: 420684198505276040 | K2: 360 | N2: =G2-K2 -> 0
D3: 杨艳 | F3: 2000 | G3: 0 | H3: 武汉山道 | I3: 420623198201201047 | K3: 0 | N3: =G3-K3 -> 0
D4: 刘建斌 | F4: 17000 | G4: 360 | H4: 武汉山道 | I4: 420684198402276056 | K4: 360 | N4: =G4-K4 -> 0
A5: 蚌埠吾悦店王格 | B5: 蚌埠吾悦店 | C5: 前台主管 | D5: 王格 | E5: 在职 | F5: 3945 | G5: 0 | H5: =VLOOKUP(A5,'1月'!A:H,8,FALSE) -> 朝晖人力 | I5: =VLOOKUP(A5,'1月'!A:I,9,FALSE) -> 340322200502054623 | J5: =VLOOKUP(A5,'1月'!A:J,10,FALSE) -> 15375468652 | K5: 0 | N5: =G5-K5 -> 0
A6: 蚌埠吾悦店李响 | B6: 蚌埠吾悦店 | C6: 前台 | D6: 李响 | E6: 在职 | F6: 2995 | G6: 0 | H6: =VLOOKUP(A6,'1月'!A:H,8,FALSE) -> 朝晖人力 | I6: =VLOOKUP(A6,'1月'!A:I,9,FALSE) -> 34030219860130002X | J6: =VLOOKUP(A6,'1月'!A:J,10,FALSE) -> 0 | K6: 0 | N6: =G6-K6 -> 0
A7: 蚌埠吾悦店赵红 | B7: 蚌埠吾悦店 | C7: 保洁 | D7: 赵红 | E7: 在职 | F7: 2390 | G7: 0 | H7: =VLOOKUP(A7,'1月'!A:H,8,FALSE) -> 朝晖人力 | I7: =VLOOKUP(A7,'1月'!A:I,9,FALSE) -> 340302197012310428 | J7: =VLOOKUP(A7,'1月'!A:J,10,FALSE) -> 16655298121 | K7: 0 | N7: =G7-K7 -> 0
A8: 蚌埠吾悦店陆春亮 | B8: 蚌埠吾悦店 | C8: 保洁 | D8: 陆春亮 | E8: 在职 | F8: 2390 | G8: 0 | H8: =VLOOKUP(A8,'1月'!A:H,8,FALSE) -> 朝晖人力 | I8: =VLOOKUP(A8,'1月'!A:I,9,FALSE) -> 340302196303260411 | J8: =VLOOKUP(A8,'1月'!A:J,10,FALSE) -> 13093664952 | K8: 0 | N8: =G8-K8 -> 0
A9: 蚌埠吾悦店万小建 | B9: 蚌埠吾悦店 | C9: 会籍经理 | D9: 万小建 | E9: 在职 | F9: 8853.207 | G9: 115.6 | H9: =VLOOKUP(A9,'1月'!A:H,8,FALSE) -> 朝晖人力 | I9: =VLOOKUP(A9,'1月'!A:I,9,FALSE) -> 340321198606010899 | J9: =VLOOKUP(A9,'1月'!A:J,10,FALSE) -> 1396528/6269 | K9: 115.6 | N9: =G9-K9 -> 0
A10: 蚌埠吾悦店邵家文 | B10: 蚌埠吾悦店 | C10: 会籍 | D10: 邵家文 | E10: 在职 | F10: 3425.48 | G10: 0 | H10: =VLOOKUP(A10,'1月'!A:H,8,FALSE) -> 朝晖人力 | I10: =VLOOKUP(A10,'1月'!A:I,9,FALSE) -> 340321200412065031 | J10: =VLOOKUP(A10,'1月'!A:J,10,FALSE) -> 17201600134 | K10: 0 | N10: =G10-K10 -> 0
A11: 蚌埠吾悦店赵惠春 | B11: 蚌埠吾悦店 | C11: 会籍 | D11: 赵惠春 | E11: 在职 | F11: 3415.68 | G11: 0 | H11: =VLOOKUP(A11,'1月'!A:H,8,FALSE) -> 朝晖人力 | I11: =VLOOKUP(A11,'1月'!A:I,9,FALSE) -> 370406200602046621 | J11: =VLOOKUP(A11,'1月'!A:J,10,FALSE) -> 19055243298 | K11: 0 | N11: =G11-K11 -> 0
A12: 蚌埠吾悦店刘庆康 | B12: 蚌埠吾悦店 | C12: 会籍 | D12: 刘庆康 | E12: 在职 | F12: 3279.8 | G12: 0 | H12: =VLOOKUP(A12,'1月'!A:H,8,FALSE) -> 朝晖人力 | I12: =VLOOKUP(A12,'1月'!A:I,9,FALSE) -> 340302200512121011 | J12: =VLOOKUP(A12,'1月'!A:J,10,FALSE) -> 0 | K12: 0 | N12: =G12-K12 -> 0
A13: 蚌埠吾悦店蒋维月 | B13: 蚌埠吾悦店 | C13: 私教 | D13: 蒋维月 | E13: 在职 | F13: 1700.874 | G13: 0 | H13: =VLOOKUP(A13,'1月'!A:H,8,FALSE) -> 朝晖人力 | I13: =VLOOKUP(A13,'1月'!A:I,9,FALSE) -> 340322200712043869 | J13: =VLOOKUP(A13,'1月'!A:J,10,FALSE) -> 18714837986 | K13: 0 | N13: =G13-K13 -> 0
A14: 蚌埠吾悦店栾金良 | B14: 蚌埠吾悦店 | C14: 私教经理 | D14: 栾金良 | E14: 在职 | F14: 9482.9096 | G14: 134.49 | H14: =VLOOKUP(A14,'1月'!A:H,8,FALSE) -> 朝晖人力 | I14: =VLOOKUP(A14,'1月'!A:I,9,FALSE) -> 321302198506180055 | J14: =VLOOKUP(A14,'1月'!A:J,10,FALSE) -> 13815786616 | K14: 134.49 | N14: =G14-K14 -> 0
A15: 蚌埠吾悦店曲蓝鹤 | B15: 蚌埠吾悦店 | C15: 私教 | D15: 曲蓝鹤 | E15: 在职 | F15: 4325.94 | G15: 0 | H15: =VLOOKUP(A15,'1月'!A:H,8,FALSE) -> 朝晖人力 | I15: =VLOOKUP(A15,'1月'!A:I,9,FALSE) -> 230505199011080214 | J15: =VLOOKUP(A15,'1月'!A:J,10,FALSE) -> 17755263617 | K15: 0 | N15: =G15-K15 -> 0
A16: 蚌埠吾悦店林康 | B16: 蚌埠吾悦店 | C16: 泳教主管 | D16: 林康 | E16: 在职 | F16: 4307.16 | G16: 0 | H16: =VLOOKUP(A16,'1月'!A:H,8,FALSE) -> 朝晖人力 | I16: =VLOOKUP(A16,'1月'!A:I,9,FALSE) -> 340321200212060850 | J16: =VLOOKUP(A16,'1月'!A:J,10,FALSE) -> 15056356955 | K16: 0 | N16: =G16-K16 -> 0
A17: 蚌埠吾悦店王新 | B17: 蚌埠吾悦店 | C17: 泳教 | D17: 王新 | E17: 在职 | F17: 708.83 | G17: 0 | H17: 朝晖人力 | I17: 340323199901154710 | J17: 15855762182 | K17: 0 | N17: =G17-K17 -> 0
A18: 蚌埠吾悦店郭锋 | B18: 蚌埠吾悦店 | C18: 泳教 | D18: 郭锋 | E18: 在职 | F18: 2074.6304 | G18: 0 | H18: 朝晖人力 | I18: 340323199306046037 | J18: 15855781030 | K18: 0 | N18: =G18-K18 -> 0
A19: 蚌埠银泰店彭莹莹 | B19: 蚌埠银泰店 | C19: 前台主管 | D19: 彭莹莹 | E19: 在职 | F19: 3500 | G19: 0 | H19: =VLOOKUP(A19,'1月'!A:H,8,FALSE) -> 朝晖人力 | I19: =VLOOKUP(A19,'1月'!A:I,9,FALSE) -> 34031119930320142X | J19: =VLOOKUP(A19,'1月'!A:J,10,FALSE) -> 18895657368 | K19: 0 | N19: =G19-K19 -> 0
A20: 蚌埠银泰店钱晴 | B20: 蚌埠银泰店 | C20: 前台 | D20: 钱晴 | E20: 离职 | F20: 340.74 | G20: 0 | H20: =VLOOKUP(A20,'1月'!A:H,8,FALSE) -> 朝晖人力 | I20: =VLOOKUP(A20,'1月'!A:I,9,FALSE) -> 340311200011021625 | J20: =VLOOKUP(A20,'1月'!A:J,10,FALSE) -> 0 | K20: 0 | N20: =G20-K20 -> 0
A21: 蚌埠银泰店王引 | B21: 蚌埠银泰店 | C21: 前台 | D21: 王引 | E21: 在职 | F21: 2645 | G21: 0 | H21: 朝晖人力 | I21: =VLOOKUP(A21,[2]在职名单!$D:$AE,28,FALSE) -> 340311199603300024 | J21: =VLOOKUP(A21,[2]在职名单!$D:$AJ,33,FALSE) -> 18297325069 | K21: 0 | N21: =G21-K21 -> 0
A22: 蚌埠银泰店李桂华 | B22: 蚌埠银泰店 | C22: 保洁 | D22: 李桂华 | E22: 在职 | F22: 2500 | G22: 0 | H22: =VLOOKUP(A22,'1月'!A:H,8,FALSE) -> 朝晖人力 | I22: =VLOOKUP(A22,'1月'!A:I,9,FALSE) -> 340123196511187707 | J22: =VLOOKUP(A22,'1月'!A:J,10,FALSE) -> 17705522172 | K22: 0 | N22: =G22-K22 -> 0
A23: 蚌埠银泰店沈智淮 | B23: 蚌埠银泰店 | C23: 保洁 | D23: 沈智怀 | E23: 在职 | F23: 2400 | G23: 0 | H23: 朝晖人力 | I23: 340302195510010496 沈智怀 | J23: =VLOOKUP(A23,'1月'!A:J,10,FALSE) -> 18109655880 | K23: 0 | N23: =G23-K23 -> 0
A24: 蚌埠银泰店蔡龙飞 | B24: 蚌埠银泰店 | C24: 会籍 | D24: 蔡龙飞 | E24: 在职 | F24: 3808.5 | G24: 0 | H24: =VLOOKUP(A24,'1月'!A:H,8,FALSE) -> 朝晖人力 | I24: =VLOOKUP(A24,'1月'!A:I,9,FALSE) -> 340321199303101253 | J24: =VLOOKUP(A24,'1月'!A:J,10,FALSE) -> 0 | K24: 0 | N24: =G24-K24 -> 0
A25: 蚌埠银泰店史玲娟 | B25: 蚌埠银泰店 | C25: 会籍 | D25: 史玲娟 | E25: 在职 | F25: 6824.408 | G25: 54.73 | H25: =VLOOKUP(A25,'1月'!A:H,8,FALSE) -> 朝晖人力 | I25: =VLOOKUP(A25,'1月'!A:I,9,FALSE) -> 340323200311216227 | J25: =VLOOKUP(A25,'1月'!A:J,10,FALSE) -> 15755212422 | K25: 54.73 | N25: =G25-K25 -> 0
A26: 蚌埠银泰店张鑫杰 | B26: 蚌埠银泰店 | C26: 会籍 | D26: 张鑫杰 | E26: 在职 | F26: 3957.35 | G26: 0 | H26: =VLOOKUP(A26,'1月'!A:H,8,FALSE) -> 朝晖人力 | I26: =VLOOKUP(A26,'1月'!A:I,9,FALSE) -> 410221200502176512 | J26: =VLOOKUP(A26,'1月'!A:J,10,FALSE) -> 18836866156 | K26: 0 | N26: =G26-K26 -> 0
A27: 蚌埠银泰店孙齐云 | B27: 蚌埠银泰店 | C27: 私教经理 | D27: 孙齐云 | E27: 在职 | F27: 5991.0862 | G27: 29.73 | H27: =VLOOKUP(A27,'1月'!A:H,8,FALSE) -> 朝晖人力 | I27: =VLOOKUP(A27,'1月'!A:I,9,FALSE) -> 342626199407204919 | J27: =VLOOKUP(A27,'1月'!A:J,10,FALSE) -> 13851536096 | K27: 29.73 | N27: =G27-K27 -> 0
A28: 蚌埠银泰店郑贤发 | B28: 蚌埠银泰店 | C28: 私教 | D28: 郑贤发 | E28: 在职 | F28: 7756.9266 | G28: 82.71 | H28: =VLOOKUP(A28,'1月'!A:H,8,FALSE) -> 朝晖人力 | I28: =VLOOKUP(A28,'1月'!A:I,9,FALSE) -> 411524199010213613 | J28: =VLOOKUP(A28,'1月'!A:J,10,FALSE) -> 15162958171 | K28: 82.71 | N28: =G28-K28 -> 0
A29: 蚌埠银泰店迟宁 | B29: 蚌埠银泰店 | C29: 私教 | D29: 迟宁 | E29: 在职 | F29: 1273.05 | G29: 0 | H29: =VLOOKUP(A29,'1月'!A:H,8,FALSE) -> 朝晖人力 | I29: =VLOOKUP(A29,'1月'!A:I,9,FALSE) -> 340311199711100644 | J29: =VLOOKUP(A29,'1月'!A:J,10,FALSE) -> 18855296695 | K29: 0 | N29: =G29-K29 -> 0
A30: 蚌埠银泰店李彬 | B30: 蚌埠银泰店 | C30: 泳教主管 | D30: 李彬 | E30: 在职 | F30: 3716.9 | G30: 0 | H30: =VLOOKUP(A30,'1月'!A:H,8,FALSE) -> 朝晖人力 | I30: =VLOOKUP(A30,'1月'!A:I,9,FALSE) -> 340321199910036238 | J30: =VLOOKUP(A30,'1月'!A:J,10,FALSE) -> 15050227449 | K30: 0 | N30: =G30-K30 -> 0
A31: 蚌埠银泰店王宇恒 | B31: 蚌埠银泰店 | C31: 泳教 | D31: 王宇恒 | E31: 在职 | F31: 3981.24 | G31: 0 | H31: =VLOOKUP(A31,'1月'!A:H,8,FALSE) -> 朝晖人力 | I31: =VLOOKUP(A31,'1月'!A:I,9,FALSE) -> 340321200206273438 | J31: =VLOOKUP(A31,'1月'!A:J,10,FALSE) -> 18155415334 | K31: 0 | N31: =G31-K31 -> 0
A32: 蚌埠银泰店高传宏 | B32: 蚌埠银泰店 | C32: 安全员 | D32: 高传宏 | E32: 在职 | F32: 2500 | G32: 0 | H32: =VLOOKUP(A32,'1月'!A:H,8,FALSE) -> 朝晖人力 | I32: =VLOOKUP(A32,'1月'!A:I,9,FALSE) -> 340304196904170633 | J32: =VLOOKUP(A32,'1月'!A:J,10,FALSE) -> 13295524310 | K32: 0 | N32: =G32-K32 -> 0
A33: 淮北吾悦店欧林雨 | B33: 淮北吾悦店 | C33: 前台主管 | D33: 欧林雨 | E33: 在职 | F33: 4565.4 | G33: 0 | H33: =VLOOKUP(A33,'1月'!A:H,8,FALSE) -> 朝晖人力 | I33: =VLOOKUP(A33,'1月'!A:I,9,FALSE) -> 342222200201195824 | J33: =VLOOKUP(A33,'1月'!A:J,10,FALSE) -> 19856101932 | K33: 0 | N33: =G33-K33 -> 0
A34: 淮北吾悦店王紫妍 | B34: 淮北吾悦店 | C34: 前台 | D34: 王紫妍 | E34: 在职 | F34: 3297.5 | G34: 0 | H34: =VLOOKUP(A34,'1月'!A:H,8,FALSE) -> 朝晖人力 | I34: =VLOOKUP(A34,'1月'!A:I,9,FALSE) -> 340602200312120424 | J34: =VLOOKUP(A34,'1月'!A:J,10,FALSE) -> 17756143344 | K34: 0 | N34: =G34-K34 -> 0
A35: 淮北吾悦店高泉 | B35: 淮北吾悦店 | C35: 保洁 | D35: 高泉 | E35: 在职 | F35: 2390 | G35: 0 | H35: =VLOOKUP(A35,'1月'!A:H,8,FALSE) -> 朝晖人力 | I35: =VLOOKUP(A35,'1月'!A:I,9,FALSE) -> 342123196308128893 | J35: =VLOOKUP(A35,'1月'!A:J,10,FALSE) -> 15156191196 | K35: 0 | N35: =G35-K35 -> 0
... A52: 宿州吾悦店涂佩 | B52: 宿州吾悦店 | C52: 前台主管 | D52: 涂佩 | E52: 在职 | F52: 3675 | G52: 0 | H52: =VLOOKUP(A52,'1月'!A:H,8,FALSE) -> 朝晖人力 | I52: =VLOOKUP(A52,'1月'!A:I,9,FALSE) -> 421122199006094225 | J52: =VLOOKUP(A52,'1月'!A:J,10,FALSE) -> 15655706018 | K52: 0 | N52: =G52-K52 -> 0
A53: 宿州吾悦店陈晨 | B53: 宿州吾悦店 | C53: 前台 | D53: 陈晨 | E53: 在职 | F53: 2445 | G53: 0 | H53: =VLOOKUP(A53,'1月'!A:H,8,FALSE) -> 朝晖人力 | I53: 341323200406160562 | J53: =VLOOKUP(A53,'1月'!A:J,10,FALSE) -> 15398200885 | K53: 0 | N53: =G53-K53 -> 0
A54: 宿州吾悦店王淑萍 | B54: 宿州吾悦店 | C54: 保洁 | D54: 王淑萍 | E54: 在职 | F54: 2385 | G54: 0 | H54: =VLOOKUP(A54,'1月'!A:H,8,FALSE) -> 朝晖人力 | I54: =VLOOKUP(A54,'1月'!A:I,9,FALSE) -> 340604196008270480 | J54: =VLOOKUP(A54,'1月'!A:J,10,FALSE) -> 13026041688 | K54: 0 | N54: =G54-K54 -> 0
A55: 宿州吾悦店哈大宝 | B55: 宿州吾悦店 | C55: 保洁 | D55: 哈大宝 | E55: 在职 | F55: 2385 | G55: 0 | H55: =VLOOKUP(A55,'1月'!A:H,8,FALSE) -> 朝晖人力 | I55: =VLOOKUP(A55,'1月'!A:I,9,FALSE) -> 340621196008214813 | J55: =VLOOKUP(A55,'1月'!A:J,10,FALSE) -> 13866590052 | K55: 0 | N55: =G55-K55 -> 0
A56: 宿州吾悦店李金鞠 | B56: 宿州吾悦店 | C56: 会籍经理 | D56: 李金鞠 | E56: 在职 | F56: 8228.764 | G56: 0 | H56: =VLOOKUP(A56,'1月'!A:H,8,FALSE) -> 朝晖人力 | I56: =VLOOKUP(A56,'1月'!A:I,9,FALSE) -> 342201198804070420 | J56: =VLOOKUP(A56,'1月'!A:J,10,FALSE) -> 18705579951 | K56: 0 | N56: =G56-K56 -> 0
A57: 宿州吾悦店王宁 | B57: 宿州吾悦店 | C57: 会籍 | D57: 王宁 | E57: 在职 | F57: 2202.8428 | G57: 0 | H57: =VLOOKUP(A57,'1月'!A:H,8,FALSE) -> 朝晖人力 | I57: =VLOOKUP(A57,'1月'!A:I,9,FALSE) -> 342201199210316416 | J57: =VLOOKUP(A57,'1月'!A:J,10,FALSE) -> 18714903660 | K57: 0 | N57: =G57-K57 -> 0
A58: 宿州吾悦店杨子席 | B58: 宿州吾悦店 | C58: 会籍 | D58: 杨子席 | E58: 在职 | F58: 2207.92 | G58: 0 | H58: =VLOOKUP(A58,'1月'!A:H,8,FALSE) -> 朝晖人力 | I58: =VLOOKUP(A58,'1月'!A:I,9,FALSE) -> 34130220060305285X | J58: =VLOOKUP(A58,'1月'!A:J,10,FALSE) -> 18895767395 | K58: 0 | N58: =G58-K58 -> 0
A59: 宿州吾悦店吴忠虎 | B59: 宿州吾悦店 | C59: 私教 | D59: 吴忠虎 | E59: 在职 | F59: 4974.21 | G59: 0 | H59: =VLOOKUP(A59,'1月'!A:H,8,FALSE) -> 朝晖人力 | I59: =VLOOKUP(A59,'1月'!A:I,9,FALSE) -> 342201199703101616 | J59: =VLOOKUP(A59,'1月'!A:J,10,FALSE) -> 13855722392 | K59: 0 | N59: =G59-K59 -> 0
A60: 宿州吾悦店陈晨 | B60: 宿州吾悦店 | C60: 私教 | D60: 陈晨 | E60: 在职 | F60: 6566.04 | G60: 46.98 | H60: =VLOOKUP(A60,'1月'!A:H,8,FALSE) -> 朝晖人力 | I60: 342201199508031835 | J60: =VLOOKUP(A60,'1月'!A:J,10,FALSE) -> 15398200885 | K60: 46.98 | N60: =G60-K60 -> 0
A61: 宿州吾悦店王佳康 | B61: 宿州吾悦店 | C61: 私教 | D61: 王佳康 | E61: 离职 | F61: 1080 | G61: 0 | H61: =VLOOKUP(A61,'1月'!A:H,8,FALSE) -> 朝晖人力 | I61: =VLOOKUP(A61,'1月'!A:I,9,FALSE) -> 341302200407228512 | J61: =VLOOKUP(A61,'1月'!A:J,10,FALSE) -> 18325719903 | K61: 0 | N61: =G61-K61 -> 0
A62: 宿州吾悦店朱欣园 | B62: 宿州吾悦店 | C62: 私教 | D62: 朱欣园 | E62: 在职 | F62: 2835.306 | G62: 0 | H62: =VLOOKUP(A62,'1月'!A:H,8,FALSE) -> 朝晖人力 | I62: =VLOOKUP(A62,'1月'!A:I,9,FALSE) -> 340621200508084436 | J62: =VLOOKUP(A62,'1月'!A:J,10,FALSE) -> 17682726539 | K62: 0 | N62: =G62-K62 -> 0
A63: 宿州吾悦店孟鑫 | B63: 宿州吾悦店 | C63: 私教 | D63: 孟鑫 | E63: 兼职 | F63: 236.25 | G63: 0 | H63: 朝晖人力 | I63: 340621199309224824 | J63: 15756183202 | K63: 0 | N63: =G63-K63 -> 0
A64: 宿州吾悦店邢雪 | B64: 宿州吾悦店 | C64: 泳教 | D64: 邢雪雪 | E64: 在职 | F64: 8416.17 | G64: 42.49 | H64: 朝晖人力 | I64: 342201199008083284 | J64: =VLOOKUP(A64,'1月'!A:J,10,FALSE) -> 15155702610 | K64: 102.49 | N64: =G64-K64 -> -60
A65: 宿州吾悦店孙璐 | B65: 宿州吾悦店 | C65: 泳教主管 | D65: 孙璐 | E65: 在职 | F65: 8159.9971 | G65: 34.8 | H65: =VLOOKUP(A65,'1月'!A:H,8,FALSE) -> 朝晖人力 | I65: =VLOOKUP(A65,'1月'!A:I,9,FALSE) -> 341302200205149015 | J65: =VLOOKUP(A65,'1月'!A:J,10,FALSE) -> 19955776097 | K65: 1.8 | N65: =G65-K65 -> 33
A66: 宿州吾悦店陈冲 | B66: 宿州吾悦店 | C66: 泳教 | D66: 陈冲 | E66: 兼职 | F66: 3840 | G66: 0 | H66: 朝晖人力 | I66: =VLOOKUP(A66,[2]在职名单!$D:$AE,28,FALSE) -> 342201199910039018 | J66: =VLOOKUP(A66,[2]在职名单!$D:$AJ,33,FALSE) -> 15391850788 | K66: 0 | N66: =G66-K66 -> 0
A67: 华农店何家珍 | B67: 华农店 | C67: 保洁 | D67: 何家珍 | E67: 在职 | F67: 3475 | G67: 0 | H67: =VLOOKUP(A67,'1月'!A:H,8,FALSE) -> 南湖 | I67: =VLOOKUP(A67,'1月'!A:I,9,FALSE) -> 420122196810222844 | J67: =VLOOKUP(A67,'1月'!A:J,10,FALSE) -> 13871599682 | K67: 0 | N67: =G67-K67 -> 0
A68: 华农店郭凯 | B68: 华农店 | C68: 店长 | D68: 郭凯 | E68: 在职 | F68: 10034.825 | G68: 46.04 | H68: =VLOOKUP(A68,'1月'!A:H,8,FALSE) -> 武汉山道 | I68: =VLOOKUP(A68,'1月'!A:I,9,FALSE) -> 421182199603072952 | J68: =VLOOKUP(A68,'1月'!A:J,10,FALSE) -> 13817689240 | K68: 46.04 | N68: =G68-K68 -> 0
A69: 华农店沈盼 | B69: 华农店 | C69: 私教经理 | D69: 沈盼 | E69: 在职 | F69: 15893.058 | G69: 266.79 | H69: =VLOOKUP(A69,'1月'!A:H,8,FALSE) -> 南湖 | I69: =VLOOKUP(A69,'1月'!A:I,9,FALSE) -> 422126199901264012 | J69: =VLOOKUP(A69,'1月'!A:J,10,FALSE) -> 18872230919 | K69: 221.79 | N69: =G69-K69 -> 45
A70: 华农店李志林 | B70: 华农店 | C70: 私教 | D70: 李志林 | E70: 在职 | F70: 13096.685 | G70: 242.9 | H70: =VLOOKUP(A70,'1月'!A:H,8,FALSE) -> 南湖 | I70: =VLOOKUP(A70,'1月'!A:I,9,FALSE) -> 421221200007170714 | J70: =VLOOKUP(A70,'1月'!A:J,10,FALSE) -> 15926928101 | K70: 242.9 | N70: =G70-K70 -> 0
A71: 华农店李超 | B71: 华农店 | C71: 私教 | D71: 李超 | E71: 在职 | F71: 14891.924 | G71: 296.76 | H71: =VLOOKUP(A71,'1月'!A:H,8,FALSE) -> 武汉山道 | I71: =VLOOKUP(A71,'1月'!A:I,9,FALSE) -> 420106198710140058 | J71: =VLOOKUP(A71,'1月'!A:J,10,FALSE) -> 13667230900 | K71: 41.76 | N71: =G71-K71 -> 255
A72: 华农店杨显川 | B72: 华农店 | C72: 私教 | D72: 杨显川 | E72: 在职 | F72: 4825.8125 | G72: 0 | H72: =VLOOKUP(A72,'1月'!A:H,8,FALSE) -> 南湖 | I72: =VLOOKUP(A72,'1月'!A:I,9,FALSE) -> 420984199910052017 | J72: =VLOOKUP(A72,'1月'!A:J,10,FALSE) -> 17671720251 | K72: 0 | N72: =G72-K72 -> 0
A73: 华农店项志辉 | B73: 华农店 | C73: 私教 | D73: 项志辉 | E73: 兼职 | F73: 50.4 | G73: 0 | H73: 南湖 | I73: =VLOOKUP(A73,[2]在职名单!$D:$AE,28,FALSE) -> 421123200109040053 | J73: =VLOOKUP(A73,[2]在职名单!$D:$AJ,33,FALSE) -> 13277145672 | K73: 0 | N73: =G73-K73 -> 0
A74: 华农店徐家乐 | B74: 华农店 | C74: 泳教 | D74: 徐家乐 | E74: 在职 | F74: 3714.51 | G74: 0 | H74: =VLOOKUP(A74,'1月'!A:H,8,FALSE) -> 南湖 | I74: =VLOOKUP(A74,'1月'!A:I,9,FALSE) -> 341203200101121916 | J74: =VLOOKUP(A74,'1月'!A:J,10,FALSE) -> 17328453872 | K74: 0 | N74: =G74-K74 -> 0
A75: 华农店韩永虎 | B75: 华农店 | C75: 救生员 | D75: 韩永虎 | E75: 在职 | F75: 1037.04 | G75: 0 | H75: =VLOOKUP(A75,'1月'!A:H,8,FALSE) -> 鑫镒百货 | I75: =VLOOKUP(A75,'1月'!A:I,9,FALSE) -> 422727196507245337 | J75: =VLOOKUP(A75,'1月'!A:J,10,FALSE) -> 13872527441 | K75: 0 | N75: =G75-K75 -> 0
A76: 荆州店李浩 | B76: 荆州店 | C76: 店长 | D76: 李浩 | E76: 在职 | F76: 11647.024 | G76: 199.41 | H76: =VLOOKUP(A76,'1月'!A:H,8,FALSE) -> 荆州分公司 | I76: =VLOOKUP(A76,'1月'!A:I,9,FALSE) -> 421022198908087833 | J76: =VLOOKUP(A76,'1月'!A:J,10,FALSE) -> 13545649629 | K76: 199.41 | N76: =G76-K76 -> 0
A77: 荆州店何艳艳 | B77: 荆州店 | C77: 运营主管 | D77: 何艳艳 | E77: 在职 | F77: 4200 | G77: 0 | H77: =VLOOKUP(A77,'1月'!A:H,8,FALSE) -> 荆州分公司 | I77: =VLOOKUP(A77,'1月'!A:I,9,FALSE) -> 420822198510106881 | J77: =VLOOKUP(A77,'1月'!A:J,10,FALSE) -> 13437220258 | K77: 0 | N77: =G77-K77 -> 0
A78: 荆州店索生露 | B78: 荆州店 | C78: 前台 | D78: 索生露 | E78: 在职 | F78: 1148.89 | G78: 0 | H78: =VLOOKUP(A78,'1月'!A:H,8,FALSE) -> 朝晖人力 | I78: =VLOOKUP(A78,'1月'!A:I,9,FALSE) -> 421003200202101024 | J78: =VLOOKUP(A78,'1月'!A:J,10,FALSE) -> 19530522062 | K78: 0 | N78: =G78-K78 -> 0
A79: 荆州店刘保玲 | B79: 荆州店 | C79: 保洁 | D79: 刘保玲 | E79: 在职 | F79: 2700 | G79: 0 | H79: =VLOOKUP(A79,'1月'!A:H,8,FALSE) -> 荆州分公司 | I79: =VLOOKUP(A79,'1月'!A:I,9,FALSE) -> 422421196602075845 | J79: =VLOOKUP(A79,'1月'!A:J,10,FALSE) -> 18672370860 | K79: 0 | N79: =G79-K79 -> 0
A80: 荆州店崔青梅 | B80: 荆州店 | C80: 保洁 | D80: 崔青梅 | E80: 在职 | F80: 2500 | G80: 0 | H80: =VLOOKUP(A80,'1月'!A:H,8,FALSE) -> 朝晖人力 | I80: =VLOOKUP(A80,'1月'!A:I,9,FALSE) -> 422421195612131826 | J80: =VLOOKUP(A80,'1月'!A:J,10,FALSE) -> 18607218817 | K80: 0 | N80: =G80-K80 -> 0
A81: 荆州店周晓霞 | B81: 荆州店 | C81: 会籍 | D81: 周晓霞 | E81: 在职 | F81: 4362.03 | G81: 0 | H81: =VLOOKUP(A81,'1月'!A:H,8,FALSE) -> 荆州分公司 | I81: =VLOOKUP(A81,'1月'!A:I,9,FALSE) -> 420527199309172609 | J81: =VLOOKUP(A81,'1月'!A:J,10,FALSE) -> 13767993203 | K81: 0 | N81: =G81-K81 -> 0
A82: 荆州店魏涛 | B82: 荆州店 | C82: 会籍 | D82: 魏涛 | E82: 在职 | F82: 5629.44 | G82: 18.88 | H82: =VLOOKUP(A82,'1月'!A:H,8,FALSE) -> 荆州分公司 | I82: =VLOOKUP(A82,'1月'!A:I,9,FALSE) -> 420323200110083114 | J82: =VLOOKUP(A82,'1月'!A:J,10,FALSE) -> 18671918794 | K82: 18.88 | N82: =G82-K82 -> 0
A83: 荆州店余波 | B83: 荆州店 | C83: 会籍主管 | D83: 余波 | E83: 在职 | F83: 5602.84 | G83: 18.09 | H83: =VLOOKUP(A83,'1月'!A:H,8,FALSE) -> 荆州分公司 | I83: =VLOOKUP(A83,'1月'!A:I,9,FALSE) -> 420322200102122711 | J83: =VLOOKUP(A83,'1月'!A:J,10,FALSE) -> 19537490212 | K83: 18.09 | N83: =G83-K83 -> 0
A84: 荆州店何晓蕾 | B84: 荆州店 | C84: 私教经理 | D84: 何晓蕾 | E84: 在职 | F84: 12172.429 | G84: 215.17 | H84: =VLOOKUP(A84,'1月'!A:H,8,FALSE) -> 荆州分公司 | I84: =VLOOKUP(A84,'1月'!A:I,9,FALSE) -> 421003198609061554 | J84: =VLOOKUP(A84,'1月'!A:J,10,FALSE) -> 17879581263 | K84: 215.17 | N84: =G84-K84 -> 0
A85: 荆州店李鹏 | B85: 荆州店 | C85: 私教 | D85: 李鹏 | E85: 在职 | F85: 3257.8568 | G85: 0 | H85: =VLOOKUP(A85,'1月'!A:H,8,FALSE) -> 荆州分公司 | I85: =VLOOKUP(A85,'1月'!A:I,9,FALSE) -> 421022199408152496 | J85: =VLOOKUP(A85,'1月'!A:J,10,FALSE) -> 18872932531 | K85: 0 | N85: =G85-K85 -> 0
... A100: 荆州二店马萍思 | B100: 荆州二店 | C100: 前台主管 | D100: 马萍思 | E100: 在职 | F100: 4000 | G100: 0 | H100: =VLOOKUP(A100,'1月'!A:H,8,FALSE) -> 朝晖人力 | I100: =VLOOKUP(A100,'1月'!A:I,9,FALSE) -> 421002200401305023 | J100: =VLOOKUP(A100,'1月'!A:J,10,FALSE) -> 15727237247 | K100: 0 | N100: =G100-K100 -> 0
A101: 荆州二店黄熙悦 | B101: 荆州二店 | C101: 前台 | D101: 黄熙悦 | E101: 在职 | F101: 2785 | G101: 0 | H101: 朝晖人力 | I101: =VLOOKUP(A101,[2]在职名单!$D:$AE,28,FALSE) -> 421002200411101446 | J101: =VLOOKUP(A101,[2]在职名单!$D:$AJ,33,FALSE) -> 0 | K101: 0 | N101: =G101-K101 -> 0
A102: 荆州二店张丽华 | B102: 荆州二店 | C102: 保洁 | D102: 张丽华 | E102: 在职 | F102: 1893.33 | G102: 0 | H102: =VLOOKUP(A102,'1月'!A:H,8,FALSE) -> 朝晖人力 | I102: =VLOOKUP(A102,'1月'!A:I,9,FALSE) -> 420400196206261482 | J102: =VLOOKUP(A102,'1月'!A:J,10,FALSE) -> 17798353605 | K102: 0 | N102: =G102-K102 -> 0
A103: 荆州二店黄荣海 | B103: 荆州二店 | C103: 保洁 | D103: 黄荣海 | E103: 在职 | F103: 1981.4844 | G103: 0 | H103: =VLOOKUP(A103,'1月'!A:H,8,FALSE) -> 朝晖人力 | I103: =VLOOKUP(A103,'1月'!A:I,9,FALSE) -> 420400195712101014 | J103: =VLOOKUP(A103,'1月'!A:J,10,FALSE) -> 15572198880 | K103: 0 | N103: =G103-K103 -> 0
A104: 荆州二店宁帆 | B104: 荆州二店 | C104: 会籍经理 | D104: 宁帆 | E104: 在职 | F104: 10236 | G104: 157.08 | H104: =VLOOKUP(A104,'1月'!A:H,8,FALSE) -> 朝晖人力 | I104: =VLOOKUP(A104,'1月'!A:I,9,FALSE) -> 420684199002286030 | J104: =VLOOKUP(A104,'1月'!A:J,10,FALSE) -> 13296690800 | K104: 157.08 | N104: =G104-K104 -> 0
A105: 荆州二店徐方圆 | B105: 荆州二店 | C105: 会籍主管 | D105: 徐方圆 | E105: 在职 | F105: 6273.77 | G105: 38.21 | H105: =VLOOKUP(A105,'1月'!A:H,8,FALSE) -> 荆州分公司 | I105: =VLOOKUP(A105,'1月'!A:I,9,FALSE) -> 420323200205035510 | J105: =VLOOKUP(A105,'1月'!A:J,10,FALSE) -> 18679654540 | K105: 38.21 | N105: =G105-K105 -> 0
A106: 荆州二店周志伟 | B106: 荆州二店 | C106: 会籍 | D106: 周志伟 | E106: 在职 | F106: 2825.56 | G106: 0 | H106: =VLOOKUP(A106,'1月'!A:H,8,FALSE) -> 朝晖人力 | I106: =VLOOKUP(A106,'1月'!A:I,9,FALSE) -> 421003200306093516 | J106: =VLOOKUP(A106,'1月'!A:J,10,FALSE) -> 13972335027 | K106: 0 | N106: =G106-K106 -> 0
A107: 荆州二店孙吕芳 | B107: 荆州二店 | C107: 会籍 | D107: 孙吕芳 | E107: 在职 | F107: 1345.19 | G107: 0 | H107: =VLOOKUP(A107,'1月'!A:H,8,FALSE) -> 朝晖人力 | I107: =VLOOKUP(A107,'1月'!A:I,9,FALSE) -> 421002199704231820 | J107: =VLOOKUP(A107,'1月'!A:J,10,FALSE) -> 15927881087 | K107: 0 | N107: =G107-K107 -> 0
A108: 荆州二店杨洋 | B108: 荆州二店 | C108: 会籍 | D108: 杨洋 | E108: 在职 | F108: 4357.68 | G108: 0 | H108: =VLOOKUP(A108,'1月'!A:H,8,FALSE) -> 朝晖人力 | I108: =VLOOKUP(A108,'1月'!A:I,9,FALSE) -> 429005199711172650 | J108: =VLOOKUP(A108,'1月'!A:J,10,FALSE) -> 13593989043 | K108: 0 | N108: =G108-K108 -> 0
A109: 荆州二店周琛 | B109: 荆州二店 | C109: 私教组长 | D109: 周琛 | E109: 在职 | F109: 8515.8877 | G109: 105.48 | H109: =VLOOKUP(A109,'1月'!A:H,8,FALSE) -> 朝晖人力 | I109: =VLOOKUP(A109,'1月'!A:I,9,FALSE) -> 42108719960603371x | J109: =VLOOKUP(A109,'1月'!A:J,10,FALSE) -> 16671664828 | K109: 105.48 | N109: =G109-K109 -> 0
A110: 荆州二店严小虎 | B110: 荆州二店 | C110: 私教 | D110: 严小虎 | E110: 在职 | F110: 5808.5257 | G110: 24.26 | H110: =VLOOKUP(A110,'1月'!A:H,8,FALSE) -> 朝晖人力 | I110: =VLOOKUP(A110,'1月'!A:I,9,FALSE) -> 421003198603121536 | J110: =VLOOKUP(A110,'1月'!A:J,10,FALSE) -> 13545792120 | K110: 24.26 | N110: =G110-K110 -> 0
A111: 荆州二店黄涛 | B111: 荆州二店 | C111: 私教 | D111: 黄涛 | E111: 在职 | F111: 890.64822 | G111: 0 | H111: =VLOOKUP(A111,'1月'!A:H,8,FALSE) -> 朝晖人力 | I111: =VLOOKUP(A111,'1月'!A:I,9,FALSE) -> 522121200312193233 | J111: =VLOOKUP(A111,'1月'!A:J,10,FALSE) -> 18285253529 | K111: 0 | N111: =G111-K111 -> 0
A112: 荆州二店周国豪 | B112: 荆州二店 | C112: 私教 | D112: 周国豪 | E112: 在职 | F112: 5481.5045 | G112: 14.45 | H112: =VLOOKUP(A112,'1月'!A:H,8,FALSE) -> 朝晖人力 | I112: =VLOOKUP(A112,'1月'!A:I,9,FALSE) -> 421003199402080058 | J112: =VLOOKUP(A112,'1月'!A:J,10,FALSE) -> 17786673042 | K112: 14.45 | N112: =G112-K112 -> 0
A113: 荆州二店尹成成 | B113: 荆州二店 | C113: 私教 | D113: 尹成成 | E113: 在职 | F113: 3998.1074 | G113: 0 | H113: =VLOOKUP(A113,'1月'!A:H,8,FALSE) -> 朝晖人力 | I113: =VLOOKUP(A113,'1月'!A:I,9,FALSE) -> 421003198908283261 | J113: =VLOOKUP(A113,'1月'!A:J,10,FALSE) -> 18986690343 | K113: 0 | N113: =G113-K113 -> 0
... A116: 荆州二店刘圣超 | B116: 荆州二店 | C116: 泳教 | D116: 刘圣超 | E116: 全职 | F116: 8985.5536 | G116: 119.57 | H116: =VLOOKUP(A116,'1月'!A:H,8,FALSE) -> 朝晖人力 | I116: =VLOOKUP(A116,'1月'!A:I,9,FALSE) -> 421002200211064214 | J116: =VLOOKUP(A116,'1月'!A:J,10,FALSE) -> 13697230241 | K116: 119.57 | N116: =G116-K116 -> 0
A117: 荆州二店张欣 | B117: 荆州二店 | C117: 泳教 | D117: 张欣 | E117: 兼职 | F117: 420 | G117: 0 | H117: 朝晖人力 | I117: =VLOOKUP(A117,[2]离职名单!$D:$P,13,FALSE) -> 420325200401027027 | J117: =VLOOKUP(A117,[2]离职名单!$D:$T,17,FALSE) -> 18645917027 | K117: 0 | N117: =G117-K117 -> 0
A118: 民院店张宝宝 | B118: 民院店 | C118: 店长 | D118: 张宝宝 | E118: 在职 | F118: 9900.1702 | G118: 0 | H118: =VLOOKUP(A118,'1月'!A:H,8,FALSE) -> 武汉山道 | I118: =VLOOKUP(A118,'1月'!A:I,9,FALSE) -> 152127199403142136 | J118: =VLOOKUP(A118,'1月'!A:J,10,FALSE) -> 13986237095 | K118: 0 | N118: =G118-K118 -> 0
A119: 民院店邱昊 | B119: 民院店 | C119: 私教经理 | D119: 邱昊 | E119: 在职 | F119: 17653.629 | G119: 379.61 | H119: =VLOOKUP(A119,'1月'!A:H,8,FALSE) -> 辰菲 | I119: =VLOOKUP(A119,'1月'!A:I,9,FALSE) -> 420881199807220735 | J119: =VLOOKUP(A119,'1月'!A:J,10,FALSE) -> 15207107911 | K119: 379.61 | N119: =G119-K119 -> 0
A120: 民院店张学覃 | B120: 民院店 | C120: 私教 | D120: 张学覃 | E120: 在职 | F120: 10119.378 | G120: 153.58 | H120: =VLOOKUP(A120,'1月'!A:H,8,FALSE) -> 辰菲 | I120: =VLOOKUP(A120,'1月'!A:I,9,FALSE) -> 130223199403051116 | J120: =VLOOKUP(A120,'1月'!A:J,10,FALSE) -> 13476159565 | K120: 153.58 | N120: =G120-K120 -> 0
A121: 民院店乐孜 | B121: 民院店 | C121: 私教 | D121: 乐孜 | E121: 在职 | F121: 14172.364 | G121: 275.17 | H121: =VLOOKUP(A121,'1月'!A:H,8,FALSE) -> 辰菲 | I121: =VLOOKUP(A121,'1月'!A:I,9,FALSE) -> 420902200306117727 | J121: =VLOOKUP(A121,'1月'!A:J,10,FALSE) -> 18271755063 | K121: 275.17 | N121: =G121-K121 -> 0
A122: 民院店刘笑天 | B122: 民院店 | C122: 私教 | D122: 刘笑天 | E122: 在职 | F122: 11790.913 | G122: 203.73 | H122: =VLOOKUP(A122,'1月'!A:H,8,FALSE) -> 辰菲 | I122: =VLOOKUP(A122,'1月'!A:I,9,FALSE) -> 420881199808015899 | J122: =VLOOKUP(A122,'1月'!A:J,10,FALSE) -> 17764106512 | K122: 203.73 | N122: =G122-K122 -> 0
A123: 民院店姜超 | B123: 民院店 | C123: 私教 | D123: 姜超 | E123: 在职 | F123: 11359.976 | G123: 190.8 | H123: =VLOOKUP(A123,'1月'!A:H,8,FALSE) -> 辰菲 | I123: =VLOOKUP(A123,'1月'!A:I,9,FALSE) -> 421125200107050314 | J123: =VLOOKUP(A123,'1月'!A:J,10,FALSE) -> 17671089735 | K123: 190.8 | N123: =G123-K123 -> 0
A124: 民院店丁晨光 | B124: 民院店 | C124: 私教 | D124: 丁晨光 | E124: 在职 | F124: 6492.5584 | G124: 44.78 | H124: =VLOOKUP(A124,'1月'!A:H,8,FALSE) -> 辰菲 | I124: =VLOOKUP(A124,'1月'!A:I,9,FALSE) -> 420982200106126719 | J124: =VLOOKUP(A124,'1月'!A:J,10,FALSE) -> 15623267206 | K124: 44.78 | N124: =G124-K124 -> 0
A125: 民院店谢志胜 | B125: 民院店 | C125: 私教 | D125: 谢志胜 | E125: 在职 | F125: 5584.3971 | G125: 17.53 | H125: =VLOOKUP(A125,'1月'!A:H,8,FALSE) -> 辰菲 | I125: =VLOOKUP(A125,'1月'!A:I,9,FALSE) -> 42070220021207151x | J125: =VLOOKUP(A125,'1月'!A:J,10,FALSE) -> 18008684899 | K125: 17.53 | N125: =G125-K125 -> 0
A126: 民院店董殿强 | B126: 民院店 | C126: 私教 | D126: 董殿强 | E126: 在职 | F126: 10743.759 | G126: 172.31 | H126: =VLOOKUP(A126,'1月'!A:H,8,FALSE) -> 朝晖人力 | I126: =VLOOKUP(A126,'1月'!A:I,9,FALSE) -> 411528200202215534 | J126: =VLOOKUP(A126,'1月'!A:J,10,FALSE) -> 13369590549 | K126: 172.31 | N126: =G126-K126 -> 0
A127: 民院店袁辉 | B127: 民院店 | C127: 私教 | D127: 袁辉 | E127: 在职 | F127: 7277.9586 | G127: 68.34 | H127: =VLOOKUP(A127,'1月'!A:H,8,FALSE) -> 朝晖人力 | I127: =VLOOKUP(A127,'1月'!A:I,9,FALSE) -> 429004200101300319 | J127: =VLOOKUP(A127,'1月'!A:J,10,FALSE) -> 16608660546 | K127: 68.34 | N127: =G127-K127 -> 0
A128: 民院店丁虎 | B128: 民院店 | C128: 私教 | D128: 丁虎 | E128: 在职 | F128: 2529.171 | G128: 0 | H128: =VLOOKUP(A128,'1月'!A:H,8,FALSE) -> 朝晖人力 | I128: =VLOOKUP(A128,'1月'!A:I,9,FALSE) -> 420116199311150037 | J128: =VLOOKUP(A128,'1月'!A:J,10,FALSE) -> 17507131705 | K128: 0 | N128: =G128-K128 -> 0
A129: 民院店贺琨 | B129: 民院店 | C129: 副店长 | D129: 贺琨 | E129: 在职 | F129: 8313.7257 | G129: 99.41 | H129: =VLOOKUP(A129,'1月'!A:H,8,FALSE) -> 辰菲 | I129: =VLOOKUP(A129,'1月'!A:I,9,FALSE) -> 421121198802066056 | J129: =VLOOKUP(A129,'1月'!A:J,10,FALSE) -> 没有 | K129: 99.41 | N129: =G129-K129 -> 0
... A144: 民院店王文会 | B144: 民院店 | C144: 保洁 | D144: 王文会 | E144: 在职 | F144: 3180 | G144: 0 | H144: =VLOOKUP(A144,'1月'!A:H,8,FALSE) -> 辰菲 | I144: =VLOOKUP(A144,'1月'!A:I,9,FALSE) -> 420621195910245126 | J144: =VLOOKUP(A144,'1月'!A:J,10,FALSE) -> 18971536452 | K144: 0 | N144: =G144-K144 -> 0
A145: 民院店刘国华 | B145: 民院店 | C145: 维修师傅 | D145: 刘国华 | E145: 在职 | F145: 2000 | G145: 0 | H145: =VLOOKUP(A145,'1月'!A:H,8,FALSE) -> 不报 | I145: =VLOOKUP(A145,'1月'!A:I,9,FALSE) -> 不报 | J145: =VLOOKUP(A145,'1月'!A:J,10,FALSE) -> 不报 | N145: =G145-K145 -> 0
A146: 杨家湾余威 | B146: 杨家湾 | C146: 店长 | D146: 余威 | E146: 在职 | F146: 4879.2992 | G146: 0 | H146: =VLOOKUP(A146,'1月'!A:H,8,FALSE) -> 云杉 | I146: =VLOOKUP(A146,'1月'!A:I,9,FALSE) -> 420116199507300017 | J146: =VLOOKUP(A146,'1月'!A:J,10,FALSE) -> 15827335012 | K146: 0 | N146: =G146-K146 -> 0
...

Sheet 3月
A1: 门店+姓名 | B1: 门店 | C1: 岗位 | D1: 姓名 | E1: 员工状态 | F1: 报税工资 | G1: 个税 | H1: 分公司 | I1: 身份证号 | J1: 联系方式 | K1: 实际个税 | L1: 备注 | N1: 差额 | P1: 差额1
D2: 刘甜甜 | F2: 17000 | G2: 360 | H2: 武汉山道 | I2: 420684198505276040 | K2: 360 | N2: =G2-K2 -> 0
D3: 杨艳 | F3: 2000 | G3: 0 | H3: 武汉山道 | I3: 420623198201201047 | K3: 0 | N3: =G3-K3 -> 0
D4: 刘建斌 | F4: 17000 | G4: 360 | H4: 武汉山道 | I4: 420684198402276056 | K4: 360 | N4: =G4-K4 -> 0
A5: 蚌埠吾悦店王格 | B5: 蚌埠吾悦店 | C5: 前台主管 | D5: 王格 | E5: 在职 | F5: 3226.73 | G5: 0 | H5: =VLOOKUP(A5,'2月'!A:H,8,FALSE) -> 朝晖人力 | I5: =VLOOKUP(A5,'2月'!A:I,9,FALSE) -> 340322200502054623 | J5: =VLOOKUP(A5,'2月'!A:J,10,FALSE) -> 15375468652 | K5: 0 | N5: =G5-K5 -> 0
A6: 蚌埠吾悦店李响 | B6: 蚌埠吾悦店 | C6: 前台 | D6: 李响 | E6: 在职 | F6: 2185 | G6: 0 | H6: =VLOOKUP(A6,'2月'!A:H,8,FALSE) -> 朝晖人力 | I6: =VLOOKUP(A6,'2月'!A:I,9,FALSE) -> 34030219860130002X | J6: =VLOOKUP(A6,'2月'!A:J,10,FALSE) -> 0 | K6: 0 | N6: =G6-K6 -> 0
A7: 蚌埠吾悦店赵红 | B7: 蚌埠吾悦店 | C7: 保洁 | D7: 赵红 | E7: 在职 | F7: 1200 | G7: 0 | H7: =VLOOKUP(A7,'2月'!A:H,8,FALSE) -> 朝晖人力 | I7: =VLOOKUP(A7,'2月'!A:I,9,FALSE) -> 340302197012310428 | J7: =VLOOKUP(A7,'2月'!A:J,10,FALSE) -> 16655298121 | K7: 0 | N7: =G7-K7 -> 0
A8: 蚌埠吾悦店陆春亮 | B8: 蚌埠吾悦店 | C8: 保洁 | D8: 陆春亮 | E8: 在职 | F8: 1200 | G8: 0 | H8: =VLOOKUP(A8,'2月'!A:H,8,FALSE) -> 朝晖人力 | I8: =VLOOKUP(A8,'2月'!A:I,9,FALSE) -> 340302196303260411 | J8: =VLOOKUP(A8,'2月'!A:J,10,FALSE) -> 13093664952 | K8: 0 | N8: =G8-K8 -> 0
A9: 蚌埠吾悦店万小建 | B9: 蚌埠吾悦店 | C9: 会籍经理 | D9: 万小建 | E9: 在职 | F9: 7353.46 | G9: 70.6 | H9: =VLOOKUP(A9,'2月'!A:H,8,FALSE) -> 朝晖人力 | I9: =VLOOKUP(A9,'2月'!A:I,9,FALSE) -> 340321198606010899 | J9: =VLOOKUP(A9,'2月'!A:J,10,FALSE) -> 1396528/6269 | K9: 70.6 | N9: =G9-K9 -> 0
A10: 蚌埠吾悦店邵家文 | B10: 蚌埠吾悦店 | C10: 会籍 | D10: 邵家文 | E10: 在职 | F10: 3719.21 | G10: 0 | H10: =VLOOKUP(A10,'2月'!A:H,8,FALSE) -> 朝晖人力 | I10: =VLOOKUP(A10,'2月'!A:I,9,FALSE) -> 340321200412065031 | J10: =VLOOKUP(A10,'2月'!A:J,10,FALSE) -> 17201600134 | K10: 0 | N10: =G10-K10 -> 0
A11: 蚌埠吾悦店赵惠春 | B11: 蚌埠吾悦店 | C11: 会籍 | D11: 赵惠春 | E11: 在职 | F11: 4751.07 | G11: 0 | H11: =VLOOKUP(A11,'2月'!A:H,8,FALSE) -> 朝晖人力 | I11: =VLOOKUP(A11,'2月'!A:I,9,FALSE) -> 370406200602046621 | J11: =VLOOKUP(A11,'2月'!A:J,10,FALSE) -> 19055243298 | K11: 0 | N11: =G11-K11 -> 0
A12: 蚌埠吾悦店刘庆康 | B12: 蚌埠吾悦店 | C12: 会籍 | D12: 刘庆康 | E12: 在职 | F12: 1537.08 | G12: 0 | H12: =VLOOKUP(A12,'2月'!A:H,8,FALSE) -> 朝晖人力 | I12: =VLOOKUP(A12,'2月'!A:I,9,FALSE) -> 340302200512121011 | J12: =VLOOKUP(A12,'2月'!A:J,10,FALSE) -> 0 | K12: 0 | N12: =G12-K12 -> 0
A13: 蚌埠吾悦店蒋维月 | B13: 蚌埠吾悦店 | C13: 私教 | D13: 蒋维月 | E13: 在职 | F13: 1124.658 | G13: 0 | H13: =VLOOKUP(A13,'2月'!A:H,8,FALSE) -> 朝晖人力 | I13: =VLOOKUP(A13,'2月'!A:I,9,FALSE) -> 340322200712043869 | J13: =VLOOKUP(A13,'2月'!A:J,10,FALSE) -> 18714837986 | K13: 0 | N13: =G13-K13 -> 0
A14: 蚌埠吾悦店栾金良 | B14: 蚌埠吾悦店 | C14: 私教经理 | D14: 栾金良 | E14: 在职 | F14: 9493.3833 | G14: 134.8 | H14: =VLOOKUP(A14,'2月'!A:H,8,FALSE) -> 朝晖人力 | I14: =VLOOKUP(A14,'2月'!A:I,9,FALSE) -> 321302198506180055 | J14: =VLOOKUP(A14,'2月'!A:J,10,FALSE) -> 13815786616 | K14: 134.8 | N14: =G14-K14 -> 0
A15: 蚌埠吾悦店曲蓝鹤 | B15: 蚌埠吾悦店 | C15: 私教 | D15: 曲蓝鹤 | E15: 在职 | F15: 3416.8725 | G15: 0 | H15: =VLOOKUP(A15,'2月'!A:H,8,FALSE) -> 朝晖人力 | I15: =VLOOKUP(A15,'2月'!A:I,9,FALSE) -> 230505199011080214 | J15: =VLOOKUP(A15,'2月'!A:J,10,FALSE) -> 17755263617 | K15: 0 | N15: =G15-K15 -> 0
A16: 蚌埠吾悦店林康 | B16: 蚌埠吾悦店 | C16: 泳教主管 | D16: 林康 | E16: 在职 | F16: 5061.17 | G16: 0 | H16: =VLOOKUP(A16,'2月'!A:H,8,FALSE) -> 朝晖人力 | I16: =VLOOKUP(A16,'2月'!A:I,9,FALSE) -> 340321200212060850 | J16: =VLOOKUP(A16,'2月'!A:J,10,FALSE) -> 15056356955 | K16: 0 | N16: =G16-K16 -> 0
A17: 蚌埠银泰店张健 | B17: 蚌埠银泰店 | C17: 店长 | D17: 张健 | E17: 在职 | F17: 5792.3558 | G17: 23.77 | H17: 朝晖人力 | I17: =VLOOKUP(A17,[3]在职名单!$D:$AE,28,FALSE) -> 342601199308085099 | J17: =VLOOKUP(A17,[3]在职名单!$D:$AJ,33,FALSE) -> 18556503671 | K17: 23.77 | N17: =G17-K17 -> 0
A18: 蚌埠银泰店彭莹莹 | B18: 蚌埠银泰店 | C18: 前台主管 | D18: 彭莹莹 | E18: 在职 | F18: 2826.92 | G18: 0 | H18: =VLOOKUP(A18,'2月'!A:H,8,FALSE) -> 朝晖人力 | I18: =VLOOKUP(A18,'2月'!A:I,9,FALSE) -> 34031119930320142X | J18: =VLOOKUP(A18,'2月'!A:J,10,FALSE) -> 18895657368 | K18: 0 | N18: =G18-K18 -> 0
A19: 蚌埠银泰店王引 | B19: 蚌埠银泰店 | C19: 前台 | D19: 王引 | E19: 在职 | F19: 2284.62 | G19: 0 | H19: =VLOOKUP(A19,'2月'!A:H,8,FALSE) -> 朝晖人力 | I19: =VLOOKUP(A19,'2月'!A:I,9,FALSE) -> 340311199603300024 | J19: =VLOOKUP(A19,'2月'!A:J,10,FALSE) -> 18297325069 | K19: 0 | N19: =G19-K19 -> 0
A20: 蚌埠银泰店李桂华 | B20: 蚌埠银泰店 | C20: 保洁 | D20: 李桂华 | E20: 在职 | F20: 1538.46 | G20: 0 | H20: =VLOOKUP(A20,'2月'!A:H,8,FALSE) -> 朝晖人力 | I20: =VLOOKUP(A20,'2月'!A:I,9,FALSE) -> 340123196511187707 | J20: =VLOOKUP(A20,'2月'!A:J,10,FALSE) -> 17705522172 | K20: 0 | N20: =G20-K20 -> 0
A21: 蚌埠银泰店沈智淮 | B21: 蚌埠银泰店 | C21: 保洁 | D21: 沈智淮 | E21: 离职 | F21: 1384.62 | G21: 0 | H21: =VLOOKUP(A21,'2月'!A:H,8,FALSE) -> 朝晖人力 | I21: =VLOOKUP(A21,'2月'!A:I,9,FALSE) -> 340302195510010496 沈智怀 | J21: =VLOOKUP(A21,'2月'!A:J,10,FALSE) -> 18109655880 | K21: 0 | N21: =G21-K21 -> 0
A22: 蚌埠银泰店王良顺 | B22: 蚌埠银泰店 | C22: 保洁 | D22: 王良顺 | E22: 在职 | F22: 92.312308 | G22: 0 | H22: 朝晖人力 | I22: =VLOOKUP(A22,[3]在职名单!$D:$AE,28,FALSE) -> 340301196210230030 | J22: =VLOOKUP(A22,[3]在职名单!$D:$AJ,33,FALSE) -> 13965298264 | K22: 0 | N22: =G22-K22 -> 0
A23: 蚌埠银泰店史玲娟 | B23: 蚌埠银泰店 | C23: 会籍 | D23: 史玲娟 | E23: 在职 | F23: 9029.4405 | G23: 120.89 | H23: =VLOOKUP(A23,'2月'!A:H,8,FALSE) -> 朝晖人力 | I23: =VLOOKUP(A23,'2月'!A:I,9,FALSE) -> 340323200311216227 | J23: =VLOOKUP(A23,'2月'!A:J,10,FALSE) -> 15755212422 | K23: 120.89 | N23: =G23-K23 -> 0
A24: 蚌埠银泰店荣闯 | B24: 蚌埠银泰店 | C24: 会籍 | D24: 荣闯 | E24: 在职 | F24: 1502.72 | G24: 0 | H24: 朝晖人力 | I24: 340321200411126533 | J24: 13695526081 | K24: 0 | N24: =G24-K24 -> 0
A25: 蚌埠银泰店邵怡 | B25: 蚌埠银泰店 | C25: 会籍 | D25: 邵怡 | E25: 在职 | F25: 1111.49 | G25: 0 | H25: 朝晖人力 | I25: =VLOOKUP(A25,[3]在职名单!$D:$AE,28,FALSE) -> 340321200508126572 | J25: =VLOOKUP(A25,[3]在职名单!$D:$AJ,33,FALSE) -> 19215600959 | K25: 0 | N25: =G25-K25 -> 0
A26: 蚌埠银泰店孙齐云 | B26: 蚌埠银泰店 | C26: 私教经理 | D26: 孙齐云 | E26: 在职 | F26: 7331.3253 | G26: 69.94 | H26: =VLOOKUP(A26,'2月'!A:H,8,FALSE) -> 朝晖人力 | I26: =VLOOKUP(A26,'2月'!A:I,9,FALSE) -> 342626199407204919 | J26: =VLOOKUP(A26,'2月'!A:J,10,FALSE) -> 13851536096 | K26: 69.94 | N26: =G26-K26 -> 0
A27: 蚌埠银泰店郑贤发 | B27: 蚌埠银泰店 | C27: 私教 | D27: 郑贤发 | E27: 在职 | F27: 5893.2023 | G27: 26.79 | H27: =VLOOKUP(A27,'2月'!A:H,8,FALSE) -> 朝晖人力 | I27: =VLOOKUP(A27,'2月'!A:I,9,FALSE) -> 411524199010213613 | J27: =VLOOKUP(A27,'2月'!A:J,10,FALSE) -> 15162958171 | K27: 26.79 | N27: =G27-K27 -> 0
A28: 蚌埠银泰店李可 | B28: 蚌埠银泰店 | C28: 私教 | D28: 李可 | E28: 在职 | F28: 1427.865 | G28: 0 | H28: 朝晖人力 | I28: =VLOOKUP(A28,[3]在职名单!$D:$AE,28,FALSE) -> 340404200104240028 | J28: =VLOOKUP(A28,[3]在职名单!$D:$AJ,33,FALSE) -> 18055464203 | K28: 0 | N28: =G28-K28 -> 0
A29: 蚌埠银泰店李彬 | B29: 蚌埠银泰店 | C29: 泳教主管 | D29: 李彬 | E29: 在职 | F29: 2542.33 | G29: 0 | H29: =VLOOKUP(A29,'2月'!A:H,8,FALSE) -> 朝晖人力 | I29: =VLOOKUP(A29,'2月'!A:I,9,FALSE) -> 340321199910036238 | J29: =VLOOKUP(A29,'2月'!A:J,10,FALSE) -> 15050227449 | K29: 0 | N29: =G29-K29 -> 0
A30: 蚌埠银泰店王宇恒 | B30: 蚌埠银泰店 | C30: 泳教 | D30: 王宇恒 | E30: 在职 | F30: 6177.695 | G30: 4.77 | H30: =VLOOKUP(A30,'2月'!A:H,8,FALSE) -> 朝晖人力 | I30: =VLOOKUP(A30,'2月'!A:I,9,FALSE) -> 340321200206273438 | J30: =VLOOKUP(A30,'2月'!A:J,10,FALSE) -> 18155415334 | K30: 4.77 | N30: =G30-K30 -> 0
A31: 蚌埠银泰店高传宏 | B31: 蚌埠银泰店 | C31: 安全员 | D31: 高传宏 | E31: 在职 | F31: 1415.38 | G31: 0 | H31: =VLOOKUP(A31,'2月'!A:H,8,FALSE) -> 朝晖人力 | I31: =VLOOKUP(A31,'2月'!A:I,9,FALSE) -> 340304196904170633 | J31: =VLOOKUP(A31,'2月'!A:J,10,FALSE) -> 13295524310 | K31: 0 | N31: =G31-K31 -> 0
A32: 淮北吾悦店欧林雨 | B32: 淮北吾悦店 | C32: 前台主管 | D32: 欧林雨 | E32: 在职 | F32: 3656.3872 | G32: 0 | H32: =VLOOKUP(A32,'2月'!A:H,8,FALSE) -> 朝晖人力 | I32: =VLOOKUP(A32,'2月'!A:I,9,FALSE) -> 342222200201195824 | J32: =VLOOKUP(A32,'2月'!A:J,10,FALSE) -> 19856101932 | K32: 0 | N32: =G32-K32 -> 0
A33: 淮北吾悦店王紫妍 | B33: 淮北吾悦店 | C33: 前台 | D33: 王紫妍 | E33: 在职 | F33: 2353.6847 | G33: 0 | H33: =VLOOKUP(A33,'2月'!A:H,8,FALSE) -> 朝晖人力 | I33: =VLOOKUP(A33,'2月'!A:I,9,FALSE) -> 340602200312120424 | J33: =VLOOKUP(A33,'2月'!A:J,10,FALSE) -> 17756143344 | K33: 0 | N33: =G33-K33 -> 0
A34: 淮北吾悦店高泉 | B34: 淮北吾悦店 | C34: 保洁 | D34: 高泉 | E34: 在职 | F34: 1375 | G34: 0 | H34: =VLOOKUP(A34,'2月'!A:H,8,FALSE) -> 朝晖人力 | I34: =VLOOKUP(A34,'2月'!A:I,9,FALSE) -> 342123196308128893 | J34: =VLOOKUP(A34,'2月'!A:J,10,FALSE) -> 15156191196 | K34: 0 | N34: =G34-K34 -> 0
A35: 淮南吾悦店周涛 | B35: 淮南吾悦店 | C35: 店长 | D35: 周涛 | E35: 在职 | F35: 19243.915 | G35: 427.32 | H35: =VLOOKUP(A35,'2月'!A:H,8,FALSE) -> 武汉山道 | I35: =VLOOKUP(A35,'2月'!A:I,9,FALSE) -> 421125198511060012 | J35: =VLOOKUP(A35,'2月'!A:J,10,FALSE) -> 15927100269 | K35: 427.32 | N35: =G35-K35 -> 0
A36: 淮南吾悦店刘徐晴 | B36: 淮南吾悦店 | C36: 前台主管 | D36: 刘徐晴 | E36: 在职 | F36: 2615.39 | G36: 0 | H36: =VLOOKUP(A36,'2月'!A:H,8,FALSE) -> 朝晖人力 | I36: =VLOOKUP(A36,'2月'!A:I,9,FALSE) -> 340406199205233043 | J36: =VLOOKUP(A36,'2月'!A:J,10,FALSE) -> 17730160242 | K36: 0 | N36: =G36-K36 -> 0
A37: 淮南吾悦店张晓冬 | B37: 淮南吾悦店 | C37: 前台 | D37: 张晓冬 | E37: 在职 | F37: 2070 | G37: 0 | H37: =VLOOKUP(A37,'2月'!A:H,8,FALSE) -> 朝晖人力 | I37: =VLOOKUP(A37,'2月'!A:I,9,FALSE) -> 42282519991003064X | J37: =VLOOKUP(A37,'2月'!A:J,10,FALSE) -> 15623356005 | K37: 0 | N37: =G37-K37 -> 0
A38: 淮南吾悦店林丽 | B38: 淮南吾悦店 | C38: 保洁 | D38: 林丽 | E38: 在职 | F38: 1151.61 | G38: 0 | H38: =VLOOKUP(A38,'2月'!A:H,8,FALSE) -> 朝晖人力 | I38: =VLOOKUP(A38,'2月'!A:I,9,FALSE) -> 340406197002032242 | J38: =VLOOKUP(A38,'2月'!A:J,10,FALSE) -> 19855485653 | K38: 0 | N38: =G38-K38 -> 0
A39: 淮南吾悦店许邦元 | B39: 淮南吾悦店 | C39: 保洁 | D39: 许邦元 | E39: 在职 | F39: 1228.39 | G39: 0 | H39: =VLOOKUP(A39,'2月'!A:H,8,FALSE) -> 朝晖人力 | I39: =VLOOKUP(A39,'2月'!A:I,9,FALSE) -> 340402196002250012 | J39: =VLOOKUP(A39,'2月'!A:J,10,FALSE) -> 15755400059 | K39: 0 | N39: =G39-K39 -> 0
A40: 淮南吾悦店焦家喻 | B40: 淮南吾悦店 | C40: 会籍经理 | D40: 焦家喻 | E40: 在职 | F40: 7173.34 | G40: 65.2 | H40: =VLOOKUP(A40,'2月'!A:H,8,FALSE) -> 朝晖人力 | I40: =VLOOKUP(A40,'2月'!A:I,9,FALSE) -> 422326198512295217 | J40: =VLOOKUP(A40,'2月'!A:J,10,FALSE) -> 13997538150 | K40: 65.2 | N40: =G40-K40 -> 0
A41: 淮南吾悦店马晨晨 | B41: 淮南吾悦店 | C41: 会籍 | D41: 马晨晨 | E41: 在职 | F41: 2214.66 | G41: 0 | H41: =VLOOKUP(A41,'2月'!A:H,8,FALSE) -> 朝晖人力 | I41: =VLOOKUP(A41,'2月'!A:I,9,FALSE) -> 340405199309040047 | J41: =VLOOKUP(A41,'2月'!A:J,10,FALSE) -> 16605542692 | K41: 0 | N41: =G41-K41 -> 0
A42: 淮南吾悦店张鑫杰 | B42: 淮南吾悦店 | C42: 会籍 | D42: 张鑫杰 | E42: 在职 | F42: 4632.06 | G42: 0 | H42: 朝晖人力 | I42: =VLOOKUP(A42,[3]在职名单!$D:$AE,28,FALSE) -> 410221200502176512 | J42: =VLOOKUP(A42,[3]在职名单!$D:$AJ,33,FALSE) -> 18836866156 | K42: 0 | N42: =G42-K42 -> 0
A43: 淮南吾悦店孟祥 | B43: 淮南吾悦店 | C43: 私教主管 | D43: 孟祥 | E43: 在职 | F43: 2059.2498 | G43: 0 | H43: 朝晖人力 | I43: =VLOOKUP(A43,[3]在职名单!$D:$AE,28,FALSE) -> 340421199412063853 | J43: =VLOOKUP(A43,[3]在职名单!$D:$AJ,33,FALSE) -> 18558655504 | K43: 0 | N43: =G43-K43 -> 0
A44: 淮南吾悦店李振杰 | B44: 淮南吾悦店 | C44: 私教 | D44: 李振杰 | E44: 在职 | F44: 1205.172 | G44: 0 | H44: =VLOOKUP(A44,'2月'!A:H,8,FALSE) -> 朝晖人力 | I44: =VLOOKUP(A44,'2月'!A:I,9,FALSE) -> 350724200110082015 | J44: =VLOOKUP(A44,'2月'!A:J,10,FALSE) -> 13889342357 | K44: 0 | N44: =G44-K44 -> 0
A45: 淮南吾悦店郑祥泰 | B45: 淮南吾悦店 | C45: 私教 | D45: 郑祥泰 | E45: 在职 | F45: 3737.2607 | G45: 0 | H45: =VLOOKUP(A45,'2月'!A:H,8,FALSE) -> 朝晖人力 | I45: =VLOOKUP(A45,'2月'!A:I,9,FALSE) -> 341621200110014017 | J45: =VLOOKUP(A45,'2月'!A:J,10,FALSE) -> 17555810180 | K45: 0 | N45: =G45-K45 -> 0
A46: 淮南吾悦店张楠 | B46: 淮南吾悦店 | C46: 泳教主管 | D46: 张楠 | E46: 在职 | F46: 5764.17 | G46: 0 | H46: =VLOOKUP(A46,'2月'!A:H,8,FALSE) -> 朝晖人力 | I46: =VLOOKUP(A46,'2月'!A:I,9,FALSE) -> 341126200010156936 | J46: =VLOOKUP(A46,'2月'!A:J,10,FALSE) -> 17727600461 | K46: 0 | N46: =G46-K46 -> 0
A47: 淮南吾悦店王永瑞 | B47: 淮南吾悦店 | C47: 泳教 | D47: 王永瑞 | E47: 在职 | F47: 472 | G47: 0 | H47: =VLOOKUP(A47,'2月'!A:H,8,FALSE) -> 朝晖人力 | I47: =VLOOKUP(A47,'2月'!A:I,9,FALSE) -> 340406200310081438 | J47: =VLOOKUP(A47,'2月'!A:J,10,FALSE) -> 18155490194 | K47: 0 | N47: =G47-K47 -> 0
A48: 宿州吾悦店韩涛 | B48: 宿州吾悦店 | C48: 店长 | D48: 韩涛 | E48: 在职 | F48: 8029.71 | G48: 0 | H48: =VLOOKUP(A48,'2月'!A:H,8,FALSE) -> 朝晖人力 | I48: =VLOOKUP(A48,'2月'!A:I,9,FALSE) -> 420527198706285338 | J48: =VLOOKUP(A48,'2月'!A:J,10,FALSE) -> 13332527599 | K48: 0 | N48: =G48-K48 -> 0
A49: 宿州吾悦店涂佩 | B49: 宿州吾悦店 | C49: 前台主管 | D49: 涂佩 | E49: 在职 | F49: 2510.5777 | G49: 0 | H49: =VLOOKUP(A49,'2月'!A:H,8,FALSE) -> 朝晖人力 | I49: =VLOOKUP(A49,'2月'!A:I,9,FALSE) -> 421122199006094225 | J49: =VLOOKUP(A49,'2月'!A:J,10,FALSE) -> 15655706018 | K49: 0 | N49: =G49-K49 -> 0
A50: 宿州吾悦店陈晨 | B50: 宿州吾悦店 | C50: 前台 | D50: 陈晨 | E50: 在职 | F50: 1615.3838 | G50: 0 | H50: =VLOOKUP(A50,'2月'!A:H,8,FALSE) -> 朝晖人力 | I50: 341323200406160562 | J50: =VLOOKUP(A50,'2月'!A:J,10,FALSE) -> 15398200885 | K50: 0 | N50: =G50-K50 -> 0
A51: 宿州吾悦店王淑萍 | B51: 宿州吾悦店 | C51: 保洁 | D51: 王淑萍 | E51: 在职 | F51: 1453.0808 | G51: 0 | H51: =VLOOKUP(A51,'2月'!A:H,8,FALSE) -> 朝晖人力 | I51: =VLOOKUP(A51,'2月'!A:I,9,FALSE) -> 340604196008270480 | J51: =VLOOKUP(A51,'2月'!A:J,10,FALSE) -> 13026041688 | K51: 0 | N51: =G51-K51 -> 0
A52: 宿州吾悦店哈大宝 | B52: 宿州吾悦店 | C52: 保洁 | D52: 哈大宝 | E52: 在职 | F52: 1453.0808 | G52: 0 | H52: =VLOOKUP(A52,'2月'!A:H,8,FALSE) -> 朝晖人力 | I52: =VLOOKUP(A52,'2月'!A:I,9,FALSE) -> 340621196008214813 | J52: =VLOOKUP(A52,'2月'!A:J,10,FALSE) -> 13866590052 | K52: 0 | N52: =G52-K52 -> 0
A53: 宿州吾悦店李金鞠 | B53: 宿州吾悦店 | C53: 会籍经理 | D53: 李金鞠 | E53: 在职 | F53: 3105.6425 | G53: 0 | H53: =VLOOKUP(A53,'2月'!A:H,8,FALSE) -> 朝晖人力 | I53: =VLOOKUP(A53,'2月'!A:I,9,FALSE) -> 342201198804070420 | J53: =VLOOKUP(A53,'2月'!A:J,10,FALSE) -> 18705579951 | K53: 0 | N53: =G53-K53 -> 0
A54: 宿州吾悦店王宁 | B54: 宿州吾悦店 | C54: 会籍 | D54: 王宁 | E54: 在职 | F54: 1891.77 | G54: 0 | H54: =VLOOKUP(A54,'2月'!A:H,8,FALSE) -> 朝晖人力 | I54: =VLOOKUP(A54,'2月'!A:I,9,FALSE) -> 342201199210316416 | J54: =VLOOKUP(A54,'2月'!A:J,10,FALSE) -> 18714903660 | K54: 0 | N54: =G54-K54 -> 0
A55: 宿州吾悦店杨子席 | B55: 宿州吾悦店 | C55: 会籍 | D55: 杨子席 | E55: 在职 | F55: 1922.22 | G55: 0 | H55: =VLOOKUP(A55,'2月'!A:H,8,FALSE) -> 朝晖人力 | I55: =VLOOKUP(A55,'2月'!A:I,9,FALSE) -> 34130220060305285X | J55: =VLOOKUP(A55,'2月'!A:J,10,FALSE) -> 18895767395 | K55: 0 | N55: =G55-K55 -> 0
A56: 宿州吾悦店吴忠虎 | B56: 宿州吾悦店 | C56: 私教 | D56: 吴忠虎 | E56: 在职 | F56: 2772 | G56: 0 | H56: =VLOOKUP(A56,'2月'!A:H,8,FALSE) -> 朝晖人力 | I56: =VLOOKUP(A56,'2月'!A:I,9,FALSE) -> 342201199703101616 | J56: =VLOOKUP(A56,'2月'!A:J,10,FALSE) -> 13855722392 | K56: 0 | N56: =G56-K56 -> 0
A57: 宿州吾悦店陈晨 | B57: 宿州吾悦店 | C57: 私教 | D57: 陈晨 | E57: 在职 | F57: 4232.7 | G57: 0 | H57: =VLOOKUP(A57,'2月'!A:H,8,FALSE) -> 朝晖人力 | I57: 342201199508031835 | J57: =VLOOKUP(A57,'2月'!A:J,10,FALSE) -> 15398200885 | K57: 0 | N57: =G57-K57 -> 0
A58: 宿州吾悦店朱欣园 | B58: 宿州吾悦店 | C58: 私教 | D58: 朱欣园 | E58: 在职 | F58: 1371.636 | G58: 0 | H58: =VLOOKUP(A58,'2月'!A:H,8,FALSE) -> 朝晖人力 | I58: =VLOOKUP(A58,'2月'!A:I,9,FALSE) -> 340621200508084436 | J58: =VLOOKUP(A58,'2月'!A:J,10,FALSE) -> 17682726539 | K58: 0 | N58: =G58-K58 -> 0
A59: 宿州吾悦店孟鑫 | B59: 宿州吾悦店 | C59: 私教 | D59: 孟鑫 | E59: 兼职 | F59: 168.75 | G59: 0 | H59: =VLOOKUP(A59,'2月'!A:H,8,FALSE) -> 朝晖人力 | I59: =VLOOKUP(A59,'2月'!A:I,9,FALSE) -> 340621199309224824 | J59: =VLOOKUP(A59,'2月'!A:J,10,FALSE) -> 15756183202 | K59: 0 | N59: =G59-K59 -> 0
A60: 宿州吾悦店邢雪 | B60: 宿州吾悦店 | C60: 泳教 | D60: 邢雪 | E60: 在职 | F60: 4349.77 | G60: 0 | H60: =VLOOKUP(A60,'2月'!A:H,8,FALSE) -> 朝晖人力 | I60: =VLOOKUP(A60,'2月'!A:I,9,FALSE) -> 342201199008083284 | J60: =VLOOKUP(A60,'2月'!A:J,10,FALSE) -> 15155702610 | K60: 0 | N60: =G60-K60 -> 0
A61: 宿州吾悦店孙璐 | B61: 宿州吾悦店 | C61: 兼职泳教 | D61: 孙璐 | E61: 在职 | F61: 151.37253 | G61: 0 | H61: =VLOOKUP(A61,'2月'!A:H,8,FALSE) -> 朝晖人力 | I61: =VLOOKUP(A61,'2月'!A:I,9,FALSE) -> 341302200205149015 | J61: =VLOOKUP(A61,'2月'!A:J,10,FALSE) -> 19955776097 | K61: 0 | N61: =G61-K61 -> 0
A62: 华农店何家珍 | B62: 华农店 | C62: 保洁 | D62: 何家珍 | E62: 在职 | F62: 3475 | G62: 0 | H62: =VLOOKUP(A62,'2月'!A:H,8,FALSE) -> 南湖 | I62: =VLOOKUP(A62,'2月'!A:I,9,FALSE) -> 420122196810222844 | J62: =VLOOKUP(A62,'2月'!A:J,10,FALSE) -> 13871599682 | K62: 0 | N62: =G62-K62 -> 0
A63: 华农店郭凯 | B63: 华农店 | C63: 店长 | D63: 郭凯 | E63: 在职 | F63: 4694.0603 | G63: 0 | H63: =VLOOKUP(A63,'2月'!A:H,8,FALSE) -> 武汉山道 | I63: =VLOOKUP(A63,'2月'!A:I,9,FALSE) -> 421182199603072952 | J63: =VLOOKUP(A63,'2月'!A:J,10,FALSE) -> 13817689240 | K63: 0 | N63: =G63-K63 -> 0
A64: 华农店沈盼 | B64: 华农店 | C64: 私教经理 | D64: 沈盼 | E64: 在职 | F64: 9746.9086 | G64: 37.41 | H64: =VLOOKUP(A64,'2月'!A:H,8,FALSE) -> 南湖 | I64: =VLOOKUP(A64,'2月'!A:I,9,FALSE) -> 422126199901264012 | J64: =VLOOKUP(A64,'2月'!A:J,10,FALSE) -> 18872230919 | K64: 37.41 | N64: =G64-K64 -> 0
A65: 华农店李志林 | B65: 华农店 | C65: 私教 | D65: 李志林 | E65: 在职 | F65: 2924.8218 | G65: 0 | H65: =VLOOKUP(A65,'2月'!A:H,8,FALSE) -> 南湖 | I65: =VLOOKUP(A65,'2月'!A:I,9,FALSE) -> 421221200007170714 | J65: =VLOOKUP(A65,'2月'!A:J,10,FALSE) -> 15926928101 | K65: 0 | N65: =G65-K65 -> 0
A66: 华农店李超 | B66: 华农店 | C66: 私教 | D66: 李超 | E66: 在职 | F66: 2972.6008 | G66: 0 | H66: =VLOOKUP(A66,'2月'!A:H,8,FALSE) -> 武汉山道 | I66: =VLOOKUP(A66,'2月'!A:I,9,FALSE) -> 420106198710140058 | J66: =VLOOKUP(A66,'2月'!A:J,10,FALSE) -> 13667230900 | K66: 0 | N66: =G66-K66 -> 0
A67: 华农店杨显川 | B67: 华农店 | C67: 私教 | D67: 杨显川 | E67: 在职 | F67: 1452.1791 | G67: 0 | H67: =VLOOKUP(A67,'2月'!A:H,8,FALSE) -> 南湖 | I67: =VLOOKUP(A67,'2月'!A:I,9,FALSE) -> 420984199910052017 | J67: =VLOOKUP(A67,'2月'!A:J,10,FALSE) -> 17671720251 | K67: 0 | N67: =G67-K67 -> 0
A68: 华农店徐家乐 | B68: 华农店 | C68: 泳教 | D68: 徐家乐 | E68: 在职 | F68: 1173.1 | G68: 0 | H68: =VLOOKUP(A68,'2月'!A:H,8,FALSE) -> 南湖 | I68: =VLOOKUP(A68,'2月'!A:I,9,FALSE) -> 341203200101121916 | J68: =VLOOKUP(A68,'2月'!A:J,10,FALSE) -> 17328453872 | K68: 0 | N68: =G68-K68 -> 0
A69: 荆州店李浩 | B69: 荆州店 | C69: 店长 | D69: 李浩 | E69: 在职 | F69: 5966.4461 | G69: 28.99 | H69: =VLOOKUP(A69,'2月'!A:H,8,FALSE) -> 荆州分公司 | I69: =VLOOKUP(A69,'2月'!A:I,9,FALSE) -> 421022198908087833 | J69: =VLOOKUP(A69,'2月'!A:J,10,FALSE) -> 13545649629 | K69: 28.99 | N69: =G69-K69 -> 0
... A82: 荆州店马冰峰 | B82: 荆州店 | C82: 私教 | D82: 马冰峰 | E82: 在职 | F82: 3915 | G82: 0 | H82: =VLOOKUP(A82,'2月'!A:H,8,FALSE) -> 荆州分公司 | I82: =VLOOKUP(A82,'2月'!A:I,9,FALSE) -> 420803197802042732 | J82: =VLOOKUP(A82,'2月'!A:J,10,FALSE) -> 15070903197 | K82: 0 | N82: =G82-K82 -> 0
A83: 荆州店张洪俊 | B83: 荆州店 | C83: 私教 | D83: 张洪俊 | E83: 离职 | F83: 300.4887 | G83: 0 | H83: =VLOOKUP(A83,'2月'!A:H,8,FALSE) -> 荆州分公司 | I83: =VLOOKUP(A83,'2月'!A:I,9,FALSE) -> 421002199012083812 | J83: =VLOOKUP(A83,'2月'!A:J,10,FALSE) -> 18872295661
A84: 荆州店王曼曼 | B84: 荆州店 | C84: 私教 | D84: 王曼曼 | E84: 在职 | F84: 1260.3731 | G84: 0 | H84: =VLOOKUP(A84,'2月'!A:H,8,FALSE) -> 荆州分公司 | I84: =VLOOKUP(A84,'2月'!A:I,9,FALSE) -> 342221199503045061 | J84: =VLOOKUP(A84,'2月'!A:J,10,FALSE) -> 13872208550 | K84: 0 | N84: =G84-K84 -> 0
A85: 荆州店刘敏 | B85: 荆州店 | C85: 私教 | D85: 刘敏 | E85: 兼职 | F85: 324 | G85: 0 | H85: =VLOOKUP(A85,'2月'!A:H,8,FALSE) -> 朝晖人力 | I85: =VLOOKUP(A85,'2月'!A:I,9,FALSE) -> 421003199008281046 | J85: =VLOOKUP(A85,'2月'!A:J,10,FALSE) -> 18062367725 | K85: 0 | N85: =G85-K85 -> 0
A86: 荆州店杨成 | B86: 荆州店 | C86: 救生员 | D86: 杨成 | E86: 在职 | F86: 1781.6 | G86: 0 | H86: =VLOOKUP(A86,'2月'!A:H,8,FALSE) -> 朝晖人力 | I86: =VLOOKUP(A86,'2月'!A:I,9,FALSE) -> 530627200601144994 | J86: =VLOOKUP(A86,'2月'!A:J,10,FALSE) -> 18972132085 | K86: 0 | N86: =G86-K86 -> 0
A87: 荆州二店马萍思 | B87: 荆州二店 | C87: 前台主管 | D87: 马萍思 | E87: 在职 | F87: 4000 | G87: 0 | H87: =VLOOKUP(A87,'2月'!A:H,8,FALSE) -> 朝晖人力 | I87: =VLOOKUP(A87,'2月'!A:I,9,FALSE) -> 421002200401305023 | J87: =VLOOKUP(A87,'2月'!A:J,10,FALSE) -> 15727237247 | K87: 0 | N87: =G87-K87 -> 0
A88: 荆州二店黄熙悦 | B88: 荆州二店 | C88: 前台 | D88: 黄熙悦 | E88: 在职 | F88: 496.54 | G88: 0 | H88: =VLOOKUP(A88,'2月'!A:H,8,FALSE) -> 朝晖人力 | I88: =VLOOKUP(A88,'2月'!A:I,9,FALSE) -> 421002200411101446 | J88: =VLOOKUP(A88,'2月'!A:J,10,FALSE) -> 0 | K88: 0 | N88: =G88-K88 -> 0
A89: 荆州二店张丽华 | B89: 荆州二店 | C89: 保洁 | D89: 张丽华 | E89: 在职 | F89: 1500 | G89: 0 | H89: =VLOOKUP(A89,'2月'!A:H,8,FALSE) -> 朝晖人力 | I89: =VLOOKUP(A89,'2月'!A:I,9,FALSE) -> 420400196206261482 | J89: =VLOOKUP(A89,'2月'!A:J,10,FALSE) -> 17798353605 | K89: 0 | N89: =G89-K89 -> 0
A90: 荆州二店黄荣海 | B90: 荆州二店 | C90: 保洁 | D90: 黄荣海 | E90: 在职 | F90: 1500 | G90: 0 | H90: =VLOOKUP(A90,'2月'!A:H,8,FALSE) -> 朝晖人力 | I90: =VLOOKUP(A90,'2月'!A:I,9,FALSE) -> 420400195712101014 | J90: =VLOOKUP(A90,'2月'!A:J,10,FALSE) -> 15572198880 | K90: 0 | N90: =G90-K90 -> 0
A91: 荆州二店宁帆 | B91: 荆州二店 | C91: 会籍经理 | D91: 宁帆 | E91: 在职 | F91: 8917.32 | G91: 117.52 | H91: =VLOOKUP(A91,'2月'!A:H,8,FALSE) -> 朝晖人力 | I91: =VLOOKUP(A91,'2月'!A:I,9,FALSE) -> 420684199002286030 | J91: =VLOOKUP(A91,'2月'!A:J,10,FALSE) -> 13296690800 | K91: 117.52 | N91: =G91-K91 -> 0
A92: 荆州二店徐方圆 | B92: 荆州二店 | C92: 会籍主管 | D92: 徐方圆 | E92: 在职 | F92: 8240.22 | G92: 97.21 | H92: =VLOOKUP(A92,'2月'!A:H,8,FALSE) -> 荆州分公司 | I92: =VLOOKUP(A92,'2月'!A:I,9,FALSE) -> 420323200205035510 | J92: =VLOOKUP(A92,'2月'!A:J,10,FALSE) -> 18679654540 | K92: 97.21 | N92: =G92-K92 -> 0
A93: 荆州二店周志伟 | B93: 荆州二店 | C93: 会籍 | D93: 周志伟 | E93: 在职 | F93: 6602.2 | G93: 0 | H93: =VLOOKUP(A93,'2月'!A:H,8,FALSE) -> 朝晖人力 | I93: =VLOOKUP(A93,'2月'!A:I,9,FALSE) -> 421003200306093516 | J93: =VLOOKUP(A93,'2月'!A:J,10,FALSE) -> 13972335027 | K93: 0 | N93: =G93-K93 -> 0
A94: 荆州二店周琛 | B94: 荆州二店 | C94: 私教组长 | D94: 周琛 | E94: 在职 | F94: 5366.5335 | G94: 10.99 | H94: =VLOOKUP(A94,'2月'!A:H,8,FALSE) -> 朝晖人力 | I94: =VLOOKUP(A94,'2月'!A:I,9,FALSE) -> 42108719960603371x | J94: =VLOOKUP(A94,'2月'!A:J,10,FALSE) -> 16671664828 | K94: 10.99 | N94: =G94-K94 -> 0
A95: 荆州二店严小虎 | B95: 荆州二店 | C95: 私教 | D95: 严小虎 | E95: 在职 | F95: 1366.7369 | G95: 0 | H95: =VLOOKUP(A95,'2月'!A:H,8,FALSE) -> 朝晖人力 | I95: =VLOOKUP(A95,'2月'!A:I,9,FALSE) -> 421003198603121536 | J95: =VLOOKUP(A95,'2月'!A:J,10,FALSE) -> 13545792120 | K95: 0 | N95: =G95-K95 -> 0
... A97: 荆州二店尹成成 | B97: 荆州二店 | C97: 私教 | D97: 尹成成 | E97: 在职 | F97: 929.22874 | G97: 0 | H97: =VLOOKUP(A97,'2月'!A:H,8,FALSE) -> 朝晖人力 | I97: =VLOOKUP(A97,'2月'!A:I,9,FALSE) -> 421003198908283261 | J97: =VLOOKUP(A97,'2月'!A:J,10,FALSE) -> 18986690343 | K97: 0 | N97: =G97-K97 -> 0
A98: 荆州二店周砚驰 | B98: 荆州二店 | C98: 私教 | D98: 周砚驰 | E98: 在职 | F98: 830.76854 | G98: 0 | H98: 朝晖人力 | I98: =VLOOKUP(A98,[3]在职名单!$D:$AE,28,FALSE) -> 42100320070823051X | J98: =VLOOKUP(A98,[3]在职名单!$D:$AJ,33,FALSE) -> 13197267309 | K98: 0 | N98: =G98-K98 -> 0
A99: 荆州二店陈全晟 | B99: 荆州二店 | C99: 泳教主管 | D99: 陈全晟 | E99: 在职 | F99: 7099 | G99: 62.97 | H99: =VLOOKUP(A99,'2月'!A:H,8,FALSE) -> 朝晖人力 | I99: =VLOOKUP(A99,'2月'!A:I,9,FALSE) -> 421126199501101416 | J99: =VLOOKUP(A99,'2月'!A:J,10,FALSE) -> 17771316646 | K99: 0 | N99: =G99-K99 -> 62.97
A100: 荆州二店陈明涛 | B100: 荆州二店 | C100: 泳教 | D100: 陈明涛 | E100: 在职 | F100: 5638.2 | G100: 19.15 | H100: =VLOOKUP(A100,'2月'!A:H,8,FALSE) -> 朝晖人力 | I100: =VLOOKUP(A100,'2月'!A:I,9,FALSE) -> 362321199901181017 | J100: =VLOOKUP(A100,'2月'!A:J,10,FALSE) -> 18480915685 | K100: 19.15 | N100: =G100-K100 -> 0
A101: 荆州二店刘圣超 | B101: 荆州二店 | C101: 泳教 | D101: 刘圣超 | E101: 全职 | F101: 4655.7088 | G101: 0 | H101: =VLOOKUP(A101,'2月'!A:H,8,FALSE) -> 朝晖人力 | I101: =VLOOKUP(A101,'2月'!A:I,9,FALSE) -> 421002200211064214 | J101: =VLOOKUP(A101,'2月'!A:J,10,FALSE) -> 13697230241 | K101: 0 | N101: =G101-K101 -> 0
A102: 民院店张宝宝 | B102: 民院店 | C102: 店长 | D102: 张宝宝 | E102: 在职 | F102: 2351.1865 | G102: 0 | H102: =VLOOKUP(A102,'2月'!A:H,8,FALSE) -> 武汉山道 | I102: =VLOOKUP(A102,'2月'!A:I,9,FALSE) -> 152127199403142136 | J102: =VLOOKUP(A102,'2月'!A:J,10,FALSE) -> 13986237095 | K102: 0 | N102: =G102-K102 -> 0
A103: 民院店邱昊 | B103: 民院店 | C103: 私教经理 | D103: 邱昊 | E103: 在职 | F103: 11905.115 | G103: 207.15 | H103: =VLOOKUP(A103,'2月'!A:H,8,FALSE) -> 辰菲 | I103: =VLOOKUP(A103,'2月'!A:I,9,FALSE) -> 420881199807220735 | J103: =VLOOKUP(A103,'2月'!A:J,10,FALSE) -> 15207107911 | K103: 207.15 | N103: =G103-K103 -> 0
A104: 民院店张学覃 | B104: 民院店 | C104: 私教 | D104: 张学覃 | E104: 在职 | F104: 3023.2311 | G104: 0 | H104: =VLOOKUP(A104,'2月'!A:H,8,FALSE) -> 辰菲 | I104: =VLOOKUP(A104,'2月'!A:I,9,FALSE) -> 130223199403051116 | J104: =VLOOKUP(A104,'2月'!A:J,10,FALSE) -> 13476159565 | K104: 0 | N104: =G104-K104 -> 0
A105: 民院店乐孜 | B105: 民院店 | C105: 私教 | D105: 乐孜 | E105: 在职 | F105: 6900.2241 | G105: 57.01 | H105: =VLOOKUP(A105,'2月'!A:H,8,FALSE) -> 辰菲 | I105: =VLOOKUP(A105,'2月'!A:I,9,FALSE) -> 420902200306117727 | J105: =VLOOKUP(A105,'2月'!A:J,10,FALSE) -> 18271755063 | K105: 57.01 | N105: =G105-K105 -> 0
A106: 民院店刘笑天 | B106: 民院店 | C106: 私教 | D106: 刘笑天 | E106: 在职 | F106: 5980.2595 | G106: 29.41 | H106: =VLOOKUP(A106,'2月'!A:H,8,FALSE) -> 辰菲 | I106: =VLOOKUP(A106,'2月'!A:I,9,FALSE) -> 420881199808015899 | J106: =VLOOKUP(A106,'2月'!A:J,10,FALSE) -> 17764106512 | K106: 29.41 | N106: =G106-K106 -> 0
A107: 民院店姜超 | B107: 民院店 | C107: 私教 | D107: 姜超 | E107: 在职 | F107: 2244.174 | G107: 0 | H107: =VLOOKUP(A107,'2月'!A:H,8,FALSE) -> 辰菲 | I107: =VLOOKUP(A107,'2月'!A:I,9,FALSE) -> 421125200107050314 | J107: =VLOOKUP(A107,'2月'!A:J,10,FALSE) -> 17671089735 | K107: 0 | N107: =G107-K107 -> 0
A108: 民院店丁晨光 | B108: 民院店 | C108: 私教 | D108: 丁晨光 | E108: 在职 | F108: 1293.8447 | G108: 0 | H108: =VLOOKUP(A108,'2月'!A:H,8,FALSE) -> 辰菲 | I108: =VLOOKUP(A108,'2月'!A:I,9,FALSE) -> 420982200106126719 | J108: =VLOOKUP(A108,'2月'!A:J,10,FALSE) -> 15623267206 | K108: 0 | N108: =G108-K108 -> 0
A109: 民院店谢志胜 | B109: 民院店 | C109: 私教 | D109: 谢志胜 | E109: 在职 | F109: 1679.184 | G109: 0 | H109: =VLOOKUP(A109,'2月'!A:H,8,FALSE) -> 辰菲 | I109: =VLOOKUP(A109,'2月'!A:I,9,FALSE) -> 42070220021207151x | J109: =VLOOKUP(A109,'2月'!A:J,10,FALSE) -> 18008684899 | K109: 0 | N109: =G109-K109 -> 0
A110: 民院店董殿强 | B110: 民院店 | C110: 私教 | D110: 董殿强 | E110: 在职 | F110: 2255.9512 | G110: 0 | H110: =VLOOKUP(A110,'2月'!A:H,8,FALSE) -> 朝晖人力 | I110: =VLOOKUP(A110,'2月'!A:I,9,FALSE) -> 411528200202215534 | J110: =VLOOKUP(A110,'2月'!A:J,10,FALSE) -> 13369590549 | K110: 0 | N110: =G110-K110 -> 0
... A115: 民院店郑洁 | B115: 民院店 | C115: 会籍 | D115: 郑洁 | E115: 在职 | F115: 15 | G115: 0 | H115: =VLOOKUP(A115,'2月'!A:H,8,FALSE) -> 辰菲 | I115: =VLOOKUP(A115,'2月'!A:I,9,FALSE) -> 420922200112296021 | J115: =VLOOKUP(A115,'2月'!A:J,10,FALSE) -> 13733429796 | K115: 0 | N115: =G115-K115 -> 0
A116: 民院店朱毅 | B116: 民院店 | C116: 会籍 | D116: 朱毅 | E116: 在职 | F116: 9 | G116: 0 | H116: 朝晖人力 | I116: =VLOOKUP(A116,[3]在职名单!$D:$AE,28,FALSE) -> 420683198805245418 | J116: =VLOOKUP(A116,[3]在职名单!$D:$AJ,33,FALSE) -> 15629165058 | K116: 0 | N116: =G116-K116 -> 0
A117: 民院店林莎莎 | B117: 民院店 | C117: 前台 | D117: 林莎莎 | E117: 在职 | F117: 3470 | G117: 0 | H117: =VLOOKUP(A117,'2月'!A:H,8,FALSE) -> 朝晖人力 | I117: =VLOOKUP(A117,'2月'!A:I,9,FALSE) -> 420921199709134963 | J117: =VLOOKUP(A117,'2月'!A:J,10,FALSE) -> 15827477003 | K117: 0 | N117: =G117-K117 -> 0
...

Sheet 4月
A1: 门店+姓名 | B1: 门店 | C1: 岗位 | D1: 姓名 | E1: 员工状态 | F1: 报税工资 | G1: 个税 | H1: 基本养老保险费 | I1: 基本医疗保险费 | J1: 失业保险费 | K1: 分公司 | L1: 身份证号 | M1: 联系方式 | N1: 实际个税 | O1: 备注 | Q1: 差额 | S1: 差额1
D2: 刘甜甜 | F2: 17000 | H2: 1360 | I2: 347 | J2: 51 | K2: 武汉山道 | L2: 420684198505276040 | N2: 307.26 | Q2: 0
D3: 杨艳 | F3: 2000 | H3: 359.84 | I3: 96.96 | J3: 13.49 | K3: 武汉山道 | L3: 420623198201201047 | N3: 0 | Q3: =G3-N3 -> 0
D4: 刘建斌 | F4: 17000 | H4: 1360 | I4: 347 | J4: 51 | K4: 武汉山道 | L4: 420684198402276056 | M4: 15927000009 | N4: 307.26 | Q4: 0
A5: 蚌埠吾悦店王格 | B5: 蚌埠吾悦店 | C5: 前台主管 | D5: 王格 | E5: 在职 | F5: 2220 | G5: 0 | K5: =VLOOKUP(A5,'3月'!A:H,8,FALSE) -> 朝晖人力 | L5: =VLOOKUP(A5,'3月'!A:I,9,FALSE) -> 340322200502054623 | M5: =VLOOKUP(A5,'3月'!A:J,10,FALSE) -> 15375468652 | N5: 0 | Q5: =G5-N5 -> 0
A6: 蚌埠吾悦店李响 | B6: 蚌埠吾悦店 | C6: 前台 | D6: 李响 | E6: 在职 | F6: 1671 | G6: 0 | K6: =VLOOKUP(A6,'3月'!A:H,8,FALSE) -> 朝晖人力 | L6: =VLOOKUP(A6,'3月'!A:I,9,FALSE) -> 34030219860130002X | M6: =VLOOKUP(A6,'3月'!A:J,10,FALSE) -> 0 | N6: 0 | Q6: =G6-N6 -> 0
A7: 蚌埠吾悦店孙颖 | B7: 蚌埠吾悦店 | C7: 前台 | D7: 孙颖 | E7: 在职 | F7: 208.34 | G7: 0 | K7: 朝晖人力 | L7: =VLOOKUP(A7,[4]在职名单!$D:$AE,28,FALSE) -> 340321200212088263 | M7: =VLOOKUP(A7,[4]在职名单!$D:$AJ,33,FALSE) -> 13155218936 | N7: 0 | Q7: =G7-N7 -> 0
A8: 蚌埠吾悦店赵红 | B8: 蚌埠吾悦店 | C8: 保洁 | D8: 赵红 | E8: 在职 | F8: 1380 | G8: 0 | K8: 朝晖人力 | L8: =VLOOKUP(A8,'3月'!A:I,9,FALSE) -> 340302197012310428 | M8: =VLOOKUP(A8,'3月'!A:J,10,FALSE) -> 16655298121 | N8: 0 | Q8: =G8-N8 -> 0
A9: 蚌埠吾悦店陆春亮 | B9: 蚌埠吾悦店 | C9: 保洁 | D9: 陆春亮 | E9: 在职 | F9: 1380 | G9: 0 | K9: 朝晖人力 | L9: =VLOOKUP(A9,'3月'!A:I,9,FALSE) -> 340302196303260411 | M9: =VLOOKUP(A9,'3月'!A:J,10,FALSE) -> 13093664952 | N9: 0 | Q9: =G9-N9 -> 0
A10: 蚌埠吾悦店万小建 | B10: 蚌埠吾悦店 | C10: 会籍经理 | D10: 万小建 | E10: 在职 | F10: 863.412 | G10: 0 | K10: 朝晖人力 | L10: =VLOOKUP(A10,'3月'!A:I,9,FALSE) -> 340321198606010899 | M10: =VLOOKUP(A10,'3月'!A:J,10,FALSE) -> 1396528/6269 | N10: 0 | Q10: =G10-N10 -> 0
A11: 蚌埠吾悦店邵家文 | B11: 蚌埠吾悦店 | C11: 会籍 | D11: 邵家文 | E11: 在职 | F11: 816 | G11: 0 | K11: 朝晖人力 | L11: =VLOOKUP(A11,'3月'!A:I,9,FALSE) -> 340321200412065031 | M11: =VLOOKUP(A11,'3月'!A:J,10,FALSE) -> 17201600134 | N11: 0 | Q11: =G11-N11 -> 0
A12: 蚌埠吾悦店赵惠春 | B12: 蚌埠吾悦店 | C12: 会籍 | D12: 赵惠春 | E12: 在职 | F12: 880 | G12: 0 | K12: 朝晖人力 | L12: =VLOOKUP(A12,'3月'!A:I,9,FALSE) -> 370406200602046621 | M12: =VLOOKUP(A12,'3月'!A:J,10,FALSE) -> 19055243298 | N12: 0 | Q12: =G12-N12 -> 0
A13: 蚌埠吾悦店刘庆康 | B13: 蚌埠吾悦店 | C13: 会籍 | D13: 刘庆康 | E13: 在职 | F13: 320 | G13: 0 | K13: 朝晖人力 | L13: =VLOOKUP(A13,'3月'!A:I,9,FALSE) -> 340302200512121011 | M13: =VLOOKUP(A13,'3月'!A:J,10,FALSE) -> 0 | N13: 0 | Q13: =G13-N13 -> 0
A14: 蚌埠吾悦店荣闯 | B14: 蚌埠吾悦店 | C14: 会籍 | D14: 荣闯 | E14: 在职 | F14: 416.67 | G14: 0 | K14: 朝晖人力 | L14: =VLOOKUP(A14,[4]在职名单!$D:$AE,28,FALSE) -> 340321200411126533 | M14: =VLOOKUP(A14,[4]在职名单!$D:$AJ,33,FALSE) -> 13695526081 | N14: 0 | Q14: =G14-N14 -> 0
A15: 蚌埠吾悦店朱文娟 | B15: 蚌埠吾悦店 | C15: 会籍 | D15: 朱文娟 | E15: 在职 | F15: 91.66 | G15: 0 | K15: 朝晖人力 | L15: =VLOOKUP(A15,[4]在职名单!$D:$AE,28,FALSE) -> 340321199612088646 | M15: 13155218935 | N15: 0 | Q15: =G15-N15 -> 0
A16: 蚌埠吾悦店栾金良 | B16: 蚌埠吾悦店 | C16: 私教经理 | D16: 栾金良 | E16: 在职 | F16: 1910.868 | G16: 0 | K16: 朝晖人力 | L16: =VLOOKUP(A16,'3月'!A:I,9,FALSE) -> 321302198506180055 | M16: =VLOOKUP(A16,'3月'!A:J,10,FALSE) -> 13815786616 | N16: 0 | Q16: =G16-N16 -> 0
A17: 蚌埠吾悦店曲蓝鹤 | B17: 蚌埠吾悦店 | C17: 私教 | D17: 曲蓝鹤 | E17: 在职 | F17: 405 | G17: 0 | K17: 朝晖人力 | L17: =VLOOKUP(A17,'3月'!A:I,9,FALSE) -> 230505199011080214 | M17: =VLOOKUP(A17,'3月'!A:J,10,FALSE) -> 17755263617 | N17: 0 | Q17: =G17-N17 -> 0
A18: 蚌埠吾悦店林康 | B18: 蚌埠吾悦店 | C18: 泳教主管 | D18: 林康 | E18: 在职 | F18: 320 | G18: 0 | K18: 朝晖人力 | L18: =VLOOKUP(A18,'3月'!A:I,9,FALSE) -> 340321200212060850 | M18: =VLOOKUP(A18,'3月'!A:J,10,FALSE) -> 15056356955 | N18: 0 | Q18: =G18-N18 -> 0
A19: 蚌埠吾悦店邵云龙 | B19: 蚌埠吾悦店 | C19: 泳教主管 | D19: 邵云龙 | E19: 在职 | F19: 312.5 | G19: 0 | K19: 朝晖人力 | L19: =VLOOKUP(A19,[4]在职名单!$D:$AE,28,FALSE) -> 340321200111225935 | M19: =VLOOKUP(A19,[4]在职名单!$D:$AJ,33,FALSE) -> 13695528913 | Q19: =G19-N19 -> 0
A20: 蚌埠银泰店张健 | B20: 蚌埠银泰店 | C20: 店长 | D20: 张健 | E20: 在职 | F20: 1797.75 | G20: 0 | K20: 朝晖人力 | L20: =VLOOKUP(A20,'3月'!A:I,9,FALSE) -> 342601199308085099 | M20: =VLOOKUP(A20,'3月'!A:J,10,FALSE) -> 18556503671 | N20: 0 | Q20: =G20-N20 -> 0
A21: 蚌埠银泰店彭莹莹 | B21: 蚌埠银泰店 | C21: 前台主管 | D21: 彭莹莹 | E21: 在职 | F21: 1440 | G21: 0 | K21: 朝晖人力 | L21: =VLOOKUP(A21,'3月'!A:I,9,FALSE) -> 34031119930320142X | M21: =VLOOKUP(A21,'3月'!A:J,10,FALSE) -> 18895657368 | N21: 0 | Q21: =G21-N21 -> 0
A22: 蚌埠银泰店王引 | B22: 蚌埠银泰店 | C22: 前台 | D22: 王引 | E22: 在职 | F22: 1187.5 | G22: 0 | K22: 朝晖人力 | L22: =VLOOKUP(A22,'3月'!A:I,9,FALSE) -> 340311199603300024 | M22: =VLOOKUP(A22,'3月'!A:J,10,FALSE) -> 18297325069 | N22: 0 | Q22: =G22-N22 -> 0
A23: 蚌埠银泰店李桂华 | B23: 蚌埠银泰店 | C23: 保洁 | D23: 李桂华 | E23: 在职 | F23: 1150 | G23: 0 | K23: 朝晖人力 | L23: =VLOOKUP(A23,'3月'!A:I,9,FALSE) -> 340123196511187707 | M23: =VLOOKUP(A23,'3月'!A:J,10,FALSE) -> 17705522172 | N23: 0 | Q23: =G23-N23 -> 0
A24: 蚌埠银泰店王良顺 | B24: 蚌埠银泰店 | C24: 保洁 | D24: 王良顺 | E24: 在职 | F24: 1210 | G24: 0 | K24: 朝晖人力 | L24: =VLOOKUP(A24,'3月'!A:I,9,FALSE) -> 340301196210230030 | M24: =VLOOKUP(A24,'3月'!A:J,10,FALSE) -> 13965298264 | N24: 0 | Q24: =G24-N24 -> 0
A25: 蚌埠银泰店史玲娟 | B25: 蚌埠银泰店 | C25: 会籍 | D25: 史玲娟 | E25: 在职 | F25: 1440 | G25: 0 | K25: 朝晖人力 | L25: =VLOOKUP(A25,'3月'!A:I,9,FALSE) -> 340323200311216227 | M25: =VLOOKUP(A25,'3月'!A:J,10,FALSE) -> 15755212422 | N25: 0 | Q25: =G25-N25 -> 0
A26: 蚌埠银泰店邵怡 | B26: 蚌埠银泰店 | C26: 会籍 | D26: 邵怡 | E26: 在职 | F26: 270 | G26: 0 | K26: 朝晖人力 | L26: =VLOOKUP(A26,'3月'!A:I,9,FALSE) -> 340321200508126572 | M26: =VLOOKUP(A26,'3月'!A:J,10,FALSE) -> 19215600959 | N26: 0 | Q26: =G26-N26 -> 0
A27: 蚌埠银泰店王紫贵 | B27: 蚌埠银泰店 | C27: 会籍 | D27: 王紫贵 | E27: 在职 | F27: 75 | G27: 0 | K27: 朝晖人力 | L27: =VLOOKUP(A27,[4]在职名单!$D:$AE,28,FALSE) -> 340303200302060616 | M27: =VLOOKUP(A27,[4]在职名单!$D:$AJ,33,FALSE) -> 18255215140 | N27: 0 | Q27: =G27-N27 -> 0
A28: 蚌埠银泰店孙齐云 | B28: 蚌埠银泰店 | C28: 私教经理 | D28: 孙齐云 | E28: 在职 | F28: 1538.075 | G28: 0 | K28: 朝晖人力 | L28: =VLOOKUP(A28,'3月'!A:I,9,FALSE) -> 342626199407204919 | M28: =VLOOKUP(A28,'3月'!A:J,10,FALSE) -> 13851536096 | N28: 0 | Q28: =G28-N28 -> 0
A29: 蚌埠银泰店李可 | B29: 蚌埠银泰店 | C29: 私教 | D29: 李可 | E29: 在职 | F29: 270 | G29: 0 | K29: 朝晖人力 | L29: =VLOOKUP(A29,'3月'!A:I,9,FALSE) -> 340404200104240028 | M29: =VLOOKUP(A29,'3月'!A:J,10,FALSE) -> 18055464203 | N29: 0 | Q29: =G29-N29 -> 0
A30: 淮北吾悦店欧林雨 | B30: 淮北吾悦店 | C30: 前台主管 | D30: 欧林雨 | E30: 在职 | F30: 1370.53 | G30: 0 | K30: 朝晖人力 | L30: =VLOOKUP(A30,'3月'!A:I,9,FALSE) -> 342222200201195824 | M30: =VLOOKUP(A30,'3月'!A:J,10,FALSE) -> 19856101932 | N30: 0 | Q30: =G30-N30 -> 0
A31: 淮北吾悦店王紫妍 | B31: 淮北吾悦店 | C31: 前台 | D31: 王紫妍 | E31: 在职 | F31: 1174.034 | G31: 0 | K31: 朝晖人力 | L31: =VLOOKUP(A31,'3月'!A:I,9,FALSE) -> 340602200312120424 | M31: =VLOOKUP(A31,'3月'!A:J,10,FALSE) -> 17756143344 | N31: 0 | Q31: =G31-N31 -> 0
A32: 淮北吾悦店高泉 | B32: 淮北吾悦店 | C32: 保洁 | D32: 高泉 | E32: 在职 | F32: 1087.5 | G32: 0 | K32: 朝晖人力 | L32: =VLOOKUP(A32,'3月'!A:I,9,FALSE) -> 342123196308128893 | M32: =VLOOKUP(A32,'3月'!A:J,10,FALSE) -> 15156191196 | N32: 0 | Q32: =G32-N32 -> 0
A33: 淮北吾悦店王志鹏 | B33: 淮北吾悦店 | C33: 私教 | D33: 王志鹏 | E33: 在职 | F33: 104.16 | G33: 0 | K33: 朝晖人力 | L33: =VLOOKUP(A33,[4]在职名单!$D:$AE,28,FALSE) -> 340123200211201676 | M33: =VLOOKUP(A33,[4]在职名单!$D:$AJ,33,FALSE) -> 18955104181 | N33: 0 | Q33: =G33-N33 -> 0
A34: 淮南吾悦店周涛 | B34: 淮南吾悦店 | C34: 店长 | D34: 周涛 | E34: 在职 | F34: 5000.5127 | G34: 0.02 | H34: 359.84 | I34: 96.96 | J34: 13.49 | K34: =VLOOKUP(A34,'3月'!A:H,8,FALSE) -> 武汉山道 | L34: =VLOOKUP(A34,'3月'!A:I,9,FALSE) -> 421125198511060012 | M34: =VLOOKUP(A34,'3月'!A:J,10,FALSE) -> 15927100269 | N34: 0 | Q34: =G34-N34 -> 0.02
A35: 淮南吾悦店刘徐晴 | B35: 淮南吾悦店 | C35: 前台主管 | D35: 刘徐晴 | E35: 在职 | F35: 2040.5 | G35: 0 | K35: =VLOOKUP(A35,'3月'!A:H,8,FALSE) -> 朝晖人力 | L35: =VLOOKUP(A35,'3月'!A:I,9,FALSE) -> 340406199205233043 | M35: =VLOOKUP(A35,'3月'!A:J,10,FALSE) -> 17730160242 | N35: 0 | Q35: =G35-N35 -> 0
A36: 淮南吾悦店张晓冬 | B36: 淮南吾悦店 | C36: 前台 | D36: 张晓冬 | E36: 在职 | F36: 1253.25 | G36: 0 | K36: =VLOOKUP(A36,'3月'!A:H,8,FALSE) -> 朝晖人力 | L36: =VLOOKUP(A36,'3月'!A:I,9,FALSE) -> 42282519991003064X | M36: =VLOOKUP(A36,'3月'!A:J,10,FALSE) -> 15623356005 | N36: 0 | Q36: =G36-N36 -> 0
A37: 淮南吾悦店林丽 | B37: 淮南吾悦店 | C37: 保洁 | D37: 林丽 | E37: 在职 | F37: 1308 | G37: 0 | K37: =VLOOKUP(A37,'3月'!A:H,8,FALSE) -> 朝晖人力 | L37: =VLOOKUP(A37,'3月'!A:I,9,FALSE) -> 340406197002032242 | M37: =VLOOKUP(A37,'3月'!A:J,10,FALSE) -> 19855485653 | N37: 0 | Q37: =G37-N37 -> 0
A38: 淮南吾悦店许邦元 | B38: 淮南吾悦店 | C38: 保洁 | D38: 许邦元 | E38: 在职 | F38: 1417 | G38: 0 | K38: =VLOOKUP(A38,'3月'!A:H,8,FALSE) -> 朝晖人力 | L38: =VLOOKUP(A38,'3月'!A:I,9,FALSE) -> 340402196002250012 | M38: =VLOOKUP(A38,'3月'!A:J,10,FALSE) -> 15755400059 | N38: 0 | Q38: =G38-N38 -> 0
A39: 淮南吾悦店焦家喻 | B39: 淮南吾悦店 | C39: 会籍经理 | D39: 焦家喻 | E39: 在职 | F39: 1843 | G39: 0 | K39: =VLOOKUP(A39,'3月'!A:H,8,FALSE) -> 朝晖人力 | L39: =VLOOKUP(A39,'3月'!A:I,9,FALSE) -> 422326198512295217 | M39: =VLOOKUP(A39,'3月'!A:J,10,FALSE) -> 13997538150 | N39: 0 | Q39: =G39-N39 -> 0
A40: 淮南吾悦店马晨晨 | B40: 淮南吾悦店 | C40: 会籍 | D40: 马晨晨 | E40: 在职 | F40: 950 | G40: 0 | K40: =VLOOKUP(A40,'3月'!A:H,8,FALSE) -> 朝晖人力 | L40: =VLOOKUP(A40,'3月'!A:I,9,FALSE) -> 340405199309040047 | M40: =VLOOKUP(A40,'3月'!A:J,10,FALSE) -> 16605542692 | N40: 0 | Q40: =G40-N40 -> 0
A41: 淮南吾悦店张鑫杰 | B41: 淮南吾悦店 | C41: 会籍 | D41: 张鑫杰 | E41: 在职 | F41: 449.6 | G41: 0 | K41: =VLOOKUP(A41,'3月'!A:H,8,FALSE) -> 朝晖人力 | L41: =VLOOKUP(A41,'3月'!A:I,9,FALSE) -> 410221200502176512 | M41: =VLOOKUP(A41,'3月'!A:J,10,FALSE) -> 18836866156 | N41: 0 | Q41: =G41-N41 -> 0
A42: 淮南吾悦店孟祥 | B42: 淮南吾悦店 | C42: 私教主管 | D42: 孟祥 | E42: 在职 | F42: 1336.5 | G42: 0 | K42: =VLOOKUP(A42,'3月'!A:H,8,FALSE) -> 朝晖人力 | L42: =VLOOKUP(A42,'3月'!A:I,9,FALSE) -> 340421199412063853 | M42: =VLOOKUP(A42,'3月'!A:J,10,FALSE) -> 18558655504 | N42: 0 | Q42: =G42-N42 -> 0
A43: 淮南吾悦店郑祥泰 | B43: 淮南吾悦店 | C43: 私教 | D43: 郑祥泰 | E43: 在职 | F43: 225 | G43: 0 | K43: =VLOOKUP(A43,'3月'!A:H,8,FALSE) -> 朝晖人力 | L43: =VLOOKUP(A43,'3月'!A:I,9,FALSE) -> 341621200110014017 | M43: =VLOOKUP(A43,'3月'!A:J,10,FALSE) -> 17555810180 | N43: 0 | Q43: =G43-N43 -> 0
A44: 淮南吾悦店张楠 | B44: 淮南吾悦店 | C44: 泳教主管 | D44: 张楠 | E44: 在职 | F44: 800 | G44: 0 | K44: =VLOOKUP(A44,'3月'!A:H,8,FALSE) -> 朝晖人力 | L44: =VLOOKUP(A44,'3月'!A:I,9,FALSE) -> 341126200010156936 | M44: =VLOOKUP(A44,'3月'!A:J,10,FALSE) -> 17727600461 | N44: 0 | Q44: =G44-N44 -> 0
A45: 淮南吾悦店王永瑞 | B45: 淮南吾悦店 | C45: 泳教 | D45: 王永瑞 | E45: 在职 | F45: 460 | G45: 0 | K45: =VLOOKUP(A45,'3月'!A:H,8,FALSE) -> 朝晖人力 | L45: =VLOOKUP(A45,'3月'!A:I,9,FALSE) -> 340406200310081438 | M45: =VLOOKUP(A45,'3月'!A:J,10,FALSE) -> 18155490194 | N45: 0 | Q45: =G45-N45 -> 0
A46: 宿州吾悦店韩涛 | B46: 宿州吾悦店 | C46: 店长 | D46: 韩涛 | E46: 在职 | F46: 4039.71 | G46: 0 | H46: 359.84 | I46: 96.96 | J46: 13.49 | K46: =VLOOKUP(A46,'3月'!A:H,8,FALSE) -> 朝晖人力 | L46: =VLOOKUP(A46,'3月'!A:I,9,FALSE) -> 420527198706285338 | M46: =VLOOKUP(A46,'3月'!A:J,10,FALSE) -> 13332527599 | N46: 0 | Q46: =G46-N46 -> 0
A47: 宿州吾悦店涂佩 | B47: 宿州吾悦店 | C47: 前台主管 | D47: 涂佩 | E47: 在职 | F47: 1978.65 | G47: 0 | K47: =VLOOKUP(A47,'3月'!A:H,8,FALSE) -> 朝晖人力 | L47: =VLOOKUP(A47,'3月'!A:I,9,FALSE) -> 421122199006094225 | M47: =VLOOKUP(A47,'3月'!A:J,10,FALSE) -> 15655706018 | N47: 0 | Q47: =G47-N47 -> 0
A48: 宿州吾悦店陈晨 | B48: 宿州吾悦店 | C48: 前台 | D48: 陈晨 | E48: 在职 | F48: 1380 | G48: 0 | K48: =VLOOKUP(A48,'3月'!A:H,8,FALSE) -> 朝晖人力 | L48: 341323200406160562 | M48: =VLOOKUP(A48,'3月'!A:J,10,FALSE) -> 15398200885 | N48: 0 | Q48: =G48-N48 -> 0
A49: 宿州吾悦店王淑萍 | B49: 宿州吾悦店 | C49: 保洁 | D49: 王淑萍 | E49: 在职 | F49: 819.38 | G49: 0 | K49: =VLOOKUP(A49,'3月'!A:H,8,FALSE) -> 朝晖人力 | L49: =VLOOKUP(A49,'3月'!A:I,9,FALSE) -> 340604196008270480 | M49: =VLOOKUP(A49,'3月'!A:J,10,FALSE) -> 13026041688 | N49: 0 | Q49: =G49-N49 -> 0
A50: 宿州吾悦店哈大宝 | B50: 宿州吾悦店 | C50: 保洁 | D50: 哈大宝 | E50: 在职 | F50: 874 | G50: 0 | K50: =VLOOKUP(A50,'3月'!A:H,8,FALSE) -> 朝晖人力 | L50: =VLOOKUP(A50,'3月'!A:I,9,FALSE) -> 340621196008214813 | M50: =VLOOKUP(A50,'3月'!A:J,10,FALSE) -> 13866590052 | N50: 0 | Q50: =G50-N50 -> 0
A51: 宿州吾悦店李金鞠 | B51: 宿州吾悦店 | C51: 会籍经理 | D51: 李金鞠 | E51: 在职 | F51: 0 | G51: 0 | H51: 359.84 | I51: 96.96 | J51: 13.49 | K51: =VLOOKUP(A51,'3月'!A:H,8,FALSE) -> 朝晖人力 | L51: =VLOOKUP(A51,'3月'!A:I,9,FALSE) -> 342201198804070420 | M51: =VLOOKUP(A51,'3月'!A:J,10,FALSE) -> 18705579951 | N51: 0 | Q51: =G51-N51 -> 0
A52: 宿州吾悦店王宁 | B52: 宿州吾悦店 | C52: 会籍 | D52: 王宁 | E52: 在职 | F52: 720 | G52: 0 | K52: =VLOOKUP(A52,'3月'!A:H,8,FALSE) -> 朝晖人力 | L52: =VLOOKUP(A52,'3月'!A:I,9,FALSE) -> 342201199210316416 | M52: =VLOOKUP(A52,'3月'!A:J,10,FALSE) -> 18714903660 | N52: 0 | Q52: =G52-N52 -> 0
A53: 宿州吾悦店杨子席 | B53: 宿州吾悦店 | C53: 会籍 | D53: 杨子席 | E53: 在职 | F53: 720 | G53: 0 | K53: =VLOOKUP(A53,'3月'!A:H,8,FALSE) -> 朝晖人力 | L53: =VLOOKUP(A53,'3月'!A:I,9,FALSE) -> 34130220060305285X | M53: =VLOOKUP(A53,'3月'!A:J,10,FALSE) -> 18895767395 | N53: 0 | Q53: =G53-N53 -> 0
A54: 宿州吾悦店吴忠虎 | B54: 宿州吾悦店 | C54: 私教 | D54: 吴忠虎 | E54: 在职 | F54: 414 | G54: 0 | K54: =VLOOKUP(A54,'3月'!A:H,8,FALSE) -> 朝晖人力 | L54: =VLOOKUP(A54,'3月'!A:I,9,FALSE) -> 342201199703101616 | M54: =VLOOKUP(A54,'3月'!A:J,10,FALSE) -> 13855722392 | N54: 0 | Q54: =G54-N54 -> 0
A55: 宿州吾悦店陈晨 | B55: 宿州吾悦店 | C55: 私教 | D55: 陈晨 | E55: 在职 | F55: 225 | G55: 0 | K55: =VLOOKUP(A55,'3月'!A:H,8,FALSE) -> 朝晖人力 | L55: 342201199508031835 | M55: =VLOOKUP(A55,'3月'!A:J,10,FALSE) -> 15398200885 | N55: 0 | Q55: =G55-N55 -> 0
A56: 宿州吾悦店朱欣园 | B56: 宿州吾悦店 | C56: 私教 | D56: 朱欣园 | E56: 在职 | F56: 225 | G56: 0 | K56: =VLOOKUP(A56,'3月'!A:H,8,FALSE) -> 朝晖人力 | L56: =VLOOKUP(A56,'3月'!A:I,9,FALSE) -> 340621200508084436 | M56: =VLOOKUP(A56,'3月'!A:J,10,FALSE) -> 17682726539 | N56: 0 | Q56: =G56-N56 -> 0
A57: 宿州吾悦店邢雪 | B57: 宿州吾悦店 | C57: 泳教 | D57: 邢雪雪 | E57: 在职 | F57: 575 | G57: 0 | K57: 朝晖人力 | L57: 342201199008083284 | M57: 15155702610 | N57: 0 | Q57: =G57-N57 -> 0
A58: 宿州吾悦店孙璐 | B58: 宿州吾悦店 | C58: 泳教主管 | D58: 孙璐 | E58: 在职 | F58: 700 | G58: 0 | K58: =VLOOKUP(A58,'3月'!A:H,8,FALSE) -> 朝晖人力 | L58: =VLOOKUP(A58,'3月'!A:I,9,FALSE) -> 341302200205149015 | M58: =VLOOKUP(A58,'3月'!A:J,10,FALSE) -> 19955776097 | N58: 0 | Q58: =G58-N58 -> 0
A59: 华农店何家珍 | B59: 华农店 | C59: 保洁 | D59: 何家珍 | E59: 在职 | F59: 1640 | G59: 0 | K59: =VLOOKUP(A59,'3月'!A:H,8,FALSE) -> 南湖 | L59: =VLOOKUP(A59,'3月'!A:I,9,FALSE) -> 420122196810222844 | M59: =VLOOKUP(A59,'3月'!A:J,10,FALSE) -> 13871599682 | N59: 0 | Q59: =G59-N59 -> 0
A60: 华农店郭凯 | B60: 华农店 | C60: 店长 | D60: 郭凯 | E60: 在职 | F60: 1524.71 | G60: 0 | H60: 359.84 | I60: 96.96 | J60: 13.49 | K60: =VLOOKUP(A60,'3月'!A:H,8,FALSE) -> 武汉山道 | L60: =VLOOKUP(A60,'3月'!A:I,9,FALSE) -> 421182199603072952 | M60: =VLOOKUP(A60,'3月'!A:J,10,FALSE) -> 13817689240 | N60: 0 | Q60: =G60-N60 -> 0
A61: 华农店沈盼 | B61: 华农店 | C61: 私教经理 | D61: 沈盼 | E61: 在职 | F61: 1050 | G61: 0 | K61: =VLOOKUP(A61,'3月'!A:H,8,FALSE) -> 南湖 | L61: =VLOOKUP(A61,'3月'!A:I,9,FALSE) -> 422126199901264012 | M61: =VLOOKUP(A61,'3月'!A:J,10,FALSE) -> 18872230919 | N61: 0 | Q61: =G61-N61 -> 0
A62: 华农店李志林 | B62: 华农店 | C62: 私教 | D62: 李志林 | E62: 在职 | F62: 90 | G62: 0 | H62: 359.84 | I62: 96.96 | J62: 13.49 | K62: =VLOOKUP(A62,'3月'!A:H,8,FALSE) -> 南湖 | L62: =VLOOKUP(A62,'3月'!A:I,9,FALSE) -> 421221200007170714 | M62: =VLOOKUP(A62,'3月'!A:J,10,FALSE) -> 15926928101 | N62: 0 | Q62: =G62-N62 -> 0
A63: 华农店李超 | B63: 华农店 | C63: 私教 | D63: 李超 | E63: 在职 | F63: 45 | G63: 0 | H63: 359.84 | I63: 96.96 | J63: 13.49 | K63: =VLOOKUP(A63,'3月'!A:H,8,FALSE) -> 武汉山道 | L63: =VLOOKUP(A63,'3月'!A:I,9,FALSE) -> 420106198710140058 | M63: =VLOOKUP(A63,'3月'!A:J,10,FALSE) -> 13667230900 | N63: 0 | Q63: =G63-N63 -> 0
A64: 华农店杨显川 | B64: 华农店 | C64: 私教 | D64: 杨显川 | E64: 在职 | F64: 90 | G64: 0 | H64: 359.84 | I64: 96.96 | J64: 13.49 | K64: =VLOOKUP(A64,'3月'!A:H,8,FALSE) -> 南湖 | L64: =VLOOKUP(A64,'3月'!A:I,9,FALSE) -> 420984199910052017 | M64: =VLOOKUP(A64,'3月'!A:J,10,FALSE) -> 17671720251 | N64: 0 | Q64: =G64-N64 -> 0
A65: 华农店徐家乐 | B65: 华农店 | C65: 泳教 | D65: 徐家乐 | E65: 在职 | F65: 229.71 | G65: 0 | H65: 359.84 | I65: 96.96 | J65: 13.49 | K65: =VLOOKUP(A65,'3月'!A:H,8,FALSE) -> 南湖 | L65: =VLOOKUP(A65,'3月'!A:I,9,FALSE) -> 341203200101121916 | M65: =VLOOKUP(A65,'3月'!A:J,10,FALSE) -> 17328453872 | N65: 0 | Q65: =G65-N65 -> 0
A66: 华农店徐亮 | B66: 华农店 | C66: 泳教 | D66: 徐亮 | E66: 在职 | F66: 550 | G66: 0 | K66: 南湖 | L66: =VLOOKUP(A66,[4]在职名单!$D:$AE,28,FALSE) -> 421125200202193356 | M66: =VLOOKUP(A66,[4]在职名单!$D:$AJ,33,FALSE) -> 18140671940 | N66: 0 | Q66: =G66-N66 -> 0
A67: 华农店占祺丹 | B67: 华农店 | C67: 泳教 | D67: 占祺丹 | E67: 在职 | F67: 550 | G67: 0 | K67: 南湖 | L67: =VLOOKUP(A67,[4]在职名单!$D:$AE,28,FALSE) -> 421126200405015433 | M67: =VLOOKUP(A67,[4]在职名单!$D:$AJ,33,FALSE) -> 13117073577 | N67: 0 | Q67: =G67-N67 -> 0
A68: 荆州店李浩 | B68: 荆州店 | C68: 店长 | D68: 李浩 | E68: 在职 | F68: 1194.71 | G68: 0 | H68: 359.84 | I68: 96.96 | J68: 13.49 | K68: =VLOOKUP(A68,'3月'!A:H,8,FALSE) -> 荆州分公司 | L68: =VLOOKUP(A68,'3月'!A:I,9,FALSE) -> 421022198908087833 | M68: =VLOOKUP(A68,'3月'!A:J,10,FALSE) -> 13545649629 | N68: 0 | Q68: =G68-N68 -> 0
A69: 荆州店何艳艳 | B69: 荆州店 | C69: 运营主管 | D69: 何艳艳 | E69: 在职 | F69: 2730 | G69: 0 | K69: =VLOOKUP(A69,'3月'!A:H,8,FALSE) -> 荆州分公司 | L69: =VLOOKUP(A69,'3月'!A:I,9,FALSE) -> 420822198510106881 | M69: =VLOOKUP(A69,'3月'!A:J,10,FALSE) -> 13437220258 | N69: 0 | Q69: =G69-N69 -> 0
A70: 荆州店索生露 | B70: 荆州店 | C70: 前台 | D70: 索生露 | E70: 在职 | F70: 517 | G70: 0 | K70: =VLOOKUP(A70,'2月'!A:H,8,FALSE) -> 朝晖人力 | L70: =VLOOKUP(A70,'2月'!A:I,9,FALSE) -> 421003200202101024 | M70: =VLOOKUP(A70,'2月'!A:J,10,FALSE) -> 19530522062 | N70: 0 | Q70: =G70-N70 -> 0
A71: 荆州店刘保玲 | B71: 荆州店 | C71: 保洁 | D71: 刘保玲 | E71: 在职 | F71: 750 | G71: 0 | K71: =VLOOKUP(A71,'3月'!A:H,8,FALSE) -> 荆州分公司 | L71: =VLOOKUP(A71,'3月'!A:I,9,FALSE) -> 422421196602075845 | M71: =VLOOKUP(A71,'3月'!A:J,10,FALSE) -> 18672370860 | N71: 0 | Q71: =G71-N71 -> 0
A72: 荆州店崔青梅 | B72: 荆州店 | C72: 保洁 | D72: 崔青梅 | E72: 在职 | F72: 1725 | G72: 0 | K72: =VLOOKUP(A72,'3月'!A:H,8,FALSE) -> 朝晖人力 | L72: =VLOOKUP(A72,'3月'!A:I,9,FALSE) -> 422421195612131826 | M72: =VLOOKUP(A72,'3月'!A:J,10,FALSE) -> 18607218817 | N72: 0 | Q72: =G72-N72 -> 0
A73: 荆州店周晓霞 | B73: 荆州店 | C73: 会籍 | D73: 周晓霞 | E73: 在职 | F73: 1050 | G73: 0 | K73: =VLOOKUP(A73,'3月'!A:H,8,FALSE) -> 荆州分公司 | L73: =VLOOKUP(A73,'3月'!A:I,9,FALSE) -> 420527199309172609 | M73: =VLOOKUP(A73,'3月'!A:J,10,FALSE) -> 13767993203 | N73: 0 | Q73: =G73-N73 -> 0
A74: 荆州店余波 | B74: 荆州店 | C74: 会籍主管 | D74: 余波 | E74: 在职 | F74: 405 | G74: 0 | K74: =VLOOKUP(A74,'3月'!A:H,8,FALSE) -> 荆州分公司 | L74: =VLOOKUP(A74,'3月'!A:I,9,FALSE) -> 420322200102122711 | M74: =VLOOKUP(A74,'3月'!A:J,10,FALSE) -> 19537490212 | N74: 0 | Q74: =G74-N74 -> 0
A75: 荆州店何晓蕾 | B75: 荆州店 | C75: 私教经理 | D75: 何晓蕾 | E75: 在职 | F75: 799 | G75: 0 | K75: =VLOOKUP(A75,'3月'!A:H,8,FALSE) -> 荆州分公司 | L75: =VLOOKUP(A75,'3月'!A:I,9,FALSE) -> 421003198609061554 | M75: =VLOOKUP(A75,'3月'!A:J,10,FALSE) -> 17879581263 | N75: 0 | Q75: =G75-N75 -> 0
A76: 荆州店冯盼 | B76: 荆州店 | C76: 私教 | D76: 冯盼 | E76: 在职 | F76: 180 | G76: 0 | H76: =VLOOKUP(D76,[5]Sheet6!$A:$B,2,FALSE) -> 438.16 | K76: =VLOOKUP(A76,'3月'!A:H,8,FALSE) -> 武汉山道 | L76: =VLOOKUP(A76,'3月'!A:I,9,FALSE) -> 420222199304104879 | M76: =VLOOKUP(A76,'3月'!A:J,10,FALSE) -> 15079071653 | N76: 0 | Q76: =G76-N76 -> 0
A77: 荆州店谢祖强 | B77: 荆州店 | C77: 私教 | D77: 谢祖强 | E77: 在职 | F77: 135 | G77: 0 | K77: =VLOOKUP(A77,'3月'!A:H,8,FALSE) -> 荆州分公司 | L77: =VLOOKUP(A77,'3月'!A:I,9,FALSE) -> 421302199412171236 | M77: =VLOOKUP(A77,'3月'!A:J,10,FALSE) -> 13755843568 | N77: 0 | Q77: =G77-N77 -> 0
A78: 荆州店刘玉雪 | B78: 荆州店 | C78: 私教 | D78: 刘玉雪 | E78: 在职 | F78: 90 | G78: 0 | H78: =VLOOKUP(D78,[5]Sheet6!$A:$B,2,FALSE) -> 438.16 | K78: =VLOOKUP(A78,'3月'!A:H,8,FALSE) -> 武汉山道 | L78: =VLOOKUP(A78,'3月'!A:I,9,FALSE) -> 421087199405193725 | M78: =VLOOKUP(A78,'3月'!A:J,10,FALSE) -> 18779133088 | N78: 0 | Q78: =G78-N78 -> 0
A79: 荆州店王远雄 | B79: 荆州店 | C79: 私教 | D79: 王远雄 | E79: 在职 | F79: 90 | G79: 0 | K79: =VLOOKUP(A79,'3月'!A:H,8,FALSE) -> 荆州分公司 | L79: =VLOOKUP(A79,'3月'!A:I,9,FALSE) -> 421003199311013239 | M79: =VLOOKUP(A79,'3月'!A:J,10,FALSE) -> 18772783207 | N79: 0 | Q79: =G79-N79 -> 0
A80: 荆州店马冰峰 | B80: 荆州店 | C80: 私教 | D80: 马冰峰 | E80: 在职 | F80: 1386 | G80: 0 | K80: =VLOOKUP(A80,'3月'!A:H,8,FALSE) -> 荆州分公司 | L80: =VLOOKUP(A80,'3月'!A:I,9,FALSE) -> 420803197802042732 | M80: =VLOOKUP(A80,'3月'!A:J,10,FALSE) -> 15070903197 | N80: 0 | Q80: =G80-N80 -> 0
A81: 荆州二店马萍思 | B81: 荆州二店 | C81: 前台主管 | D81: 马萍思 | E81: 在职 | F81: 2590 | G81: 0 | K81: =VLOOKUP(A81,'3月'!A:H,8,FALSE) -> 朝晖人力 | L81: =VLOOKUP(A81,'3月'!A:I,9,FALSE) -> 421002200401305023 | M81: =VLOOKUP(A81,'3月'!A:J,10,FALSE) -> 15727237247 | N81: 0 | Q81: =G81-N81 -> 0
A82: 荆州二店黄熙悦 | B82: 荆州二店 | C82: 前台 | D82: 黄熙悦 | E82: 在职 | F82: 646.25 | G82: 0 | K82: =VLOOKUP(A82,'3月'!A:H,8,FALSE) -> 朝晖人力 | L82: =VLOOKUP(A82,'3月'!A:I,9,FALSE) -> 421002200411101446 | M82: =VLOOKUP(A82,'3月'!A:J,10,FALSE) -> 0 | N82: 0 | Q82: =G82-N82 -> 0
A83: 荆州二店张丽华 | B83: 荆州二店 | C83: 保洁 | D83: 张丽华 | E83: 在职 | F83: 964.29 | G83: 0 | K83: =VLOOKUP(A83,'3月'!A:H,8,FALSE) -> 朝晖人力 | L83: =VLOOKUP(A83,'3月'!A:I,9,FALSE) -> 420400196206261482 | M83: =VLOOKUP(A83,'3月'!A:J,10,FALSE) -> 17798353605 | N83: 0 | Q83: =G83-N83 -> 0
A84: 荆州二店黄荣海 | B84: 荆州二店 | C84: 保洁 | D84: 黄荣海 | E84: 在职 | F84: 910.71 | G84: 0 | K84: =VLOOKUP(A84,'3月'!A:H,8,FALSE) -> 朝晖人力 | L84: =VLOOKUP(A84,'3月'!A:I,9,FALSE) -> 420400195712101014 | M84: =VLOOKUP(A84,'3月'!A:J,10,FALSE) -> 15572198880 | N84: 0 | Q84: =G84-N84 -> 0
A85: 荆州二店宁帆 | B85: 荆州二店 | C85: 会籍经理 | D85: 宁帆 | E85: 在职 | F85: 2775 | G85: 0 | K85: =VLOOKUP(A85,'3月'!A:H,8,FALSE) -> 朝晖人力 | L85: =VLOOKUP(A85,'3月'!A:I,9,FALSE) -> 420684199002286030 | M85: =VLOOKUP(A85,'3月'!A:J,10,FALSE) -> 13296690800 | N85: 0 | Q85: =G85-N85 -> 0
A86: 荆州二店徐方圆 | B86: 荆州二店 | C86: 会籍主管 | D86: 徐方圆 | E86: 在职 | F86: 800 | G86: 0 | K86: =VLOOKUP(A86,'3月'!A:H,8,FALSE) -> 荆州分公司 | L86: =VLOOKUP(A86,'3月'!A:I,9,FALSE) -> 420323200205035510 | M86: =VLOOKUP(A86,'3月'!A:J,10,FALSE) -> 18679654540 | N86: 0 | Q86: =G86-N86 -> 0
A87: 荆州二店周志伟 | B87: 荆州二店 | C87: 会籍 | D87: 周志伟 | E87: 在职 | F87: 880 | G87: 0 | K87: =VLOOKUP(A87,'3月'!A:H,8,FALSE) -> 朝晖人力 | L87: =VLOOKUP(A87,'3月'!A:I,9,FALSE) -> 421003200306093516 | M87: =VLOOKUP(A87,'3月'!A:J,10,FALSE) -> 13972335027 | N87: 0 | Q87: =G87-N87 -> 0
A88: 荆州二店孙吕芳 | B88: 荆州二店 | C88: 会籍 | D88: 孙吕芳 | E88: 在职 | F88: 320 | G88: 0 | K88: =VLOOKUP(A88,'2月'!A:H,8,FALSE) -> 朝晖人力 | L88: =VLOOKUP(A88,'2月'!A:I,9,FALSE) -> 421002199704231820 | M88: =VLOOKUP(A88,'2月'!A:J,10,FALSE) -> 15927881087 | N88: 0 | Q88: =G88-N88 -> 0
A89: 荆州二店周琛 | B89: 荆州二店 | C89: 私教组长 | D89: 周琛 | E89: 在职 | F89: 243 | G89: 0 | K89: =VLOOKUP(A89,'3月'!A:H,8,FALSE) -> 朝晖人力 | L89: =VLOOKUP(A89,'3月'!A:I,9,FALSE) -> 42108719960603371x | M89: =VLOOKUP(A89,'3月'!A:J,10,FALSE) -> 16671664828 | Q89: =G89-N89 -> 0
A90: 荆州二店严小虎 | B90: 荆州二店 | C90: 私教 | D90: 严小虎 | E90: 在职 | F90: 360 | G90: 0 | K90: =VLOOKUP(A90,'3月'!A:H,8,FALSE) -> 朝晖人力 | L90: =VLOOKUP(A90,'3月'!A:I,9,FALSE) -> 421003198603121536 | M90: =VLOOKUP(A90,'3月'!A:J,10,FALSE) -> 13545792120 | Q90: =G90-N90 -> 0
A91: 荆州二店周国豪 | B91: 荆州二店 | C91: 私教 | D91: 周国豪 | E91: 在职 | F91: 270 | G91: 0 | K91: =VLOOKUP(A91,'3月'!A:H,8,FALSE) -> 朝晖人力 | L91: =VLOOKUP(A91,'3月'!A:I,9,FALSE) -> 421003199402080058 | M91: =VLOOKUP(A91,'3月'!A:J,10,FALSE) -> 17786673042 | Q91: =G91-N91 -> 0
A92: 荆州二店周砚驰 | B92: 荆州二店 | C92: 私教 | D92: 周砚驰 | E92: 在职 | F92: 405 | G92: 0 | K92: =VLOOKUP(A92,'3月'!A:H,8,FALSE) -> 朝晖人力 | L92: =VLOOKUP(A92,'3月'!A:I,9,FALSE) -> 42100320070823051X | M92: =VLOOKUP(A92,'3月'!A:J,10,FALSE) -> 13197267309 | Q92: =G92-N92 -> 0
A93: 荆州二店陈全晟 | B93: 荆州二店 | C93: 泳教主管 | D93: 陈全晟 | E93: 在职 | F93: 1120 | G93: 0 | K93: =VLOOKUP(A93,'3月'!A:H,8,FALSE) -> 朝晖人力 | L93: =VLOOKUP(A93,'3月'!A:I,9,FALSE) -> 421126199501101416 | M93: =VLOOKUP(A93,'3月'!A:J,10,FALSE) -> 17771316646 | Q93: =G93-N93 -> 0
A94: 荆州二店陈明涛 | B94: 荆州二店 | C94: 泳教 | D94: 陈明涛 | E94: 在职 | F94: 1035 | G94: 0 | K94: =VLOOKUP(A94,'3月'!A:H,8,FALSE) -> 朝晖人力 | L94: =VLOOKUP(A94,'3月'!A:I,9,FALSE) -> 362321199901181017 | M94: =VLOOKUP(A94,'3月'!A:J,10,FALSE) -> 18480915685 | Q94: =G94-N94 -> 0
A95: 荆州二店刘圣超 | B95: 荆州二店 | C95: 泳教 | D95: 刘圣超 | E95: 全职 | F95: 690 | G95: 0 | K95: =VLOOKUP(A95,'3月'!A:H,8,FALSE) -> 朝晖人力 | L95: =VLOOKUP(A95,'3月'!A:I,9,FALSE) -> 421002200211064214 | M95: =VLOOKUP(A95,'3月'!A:J,10,FALSE) -> 13697230241 | Q95: =G95-N95 -> 0
A96: 民院店张宝宝 | B96: 民院店 | C96: 店长 | D96: 张宝宝 | E96: 在职 | F96: 2181.71 | G96: 0 | H96: 359.84 | I96: 96.96 | J96: 13.49 | K96: =VLOOKUP(A96,'3月'!A:H,8,FALSE) -> 武汉山道 | L96: =VLOOKUP(A96,'3月'!A:I,9,FALSE) -> 152127199403142136 | M96: =VLOOKUP(A96,'3月'!A:J,10,FALSE) -> 13986237095 | N96: 0 | Q96: =G96-N96 -> 0
A97: 民院店邱昊 | B97: 民院店 | C97: 私教经理 | D97: 邱昊 | E97: 在职 | F97: 89.01 | G97: 0 | H97: 359.84 | I97: 96.96 | J97: 13.49 | K97: =VLOOKUP(A97,'3月'!A:H,8,FALSE) -> 辰菲 | L97: =VLOOKUP(A97,'3月'!A:I,9,FALSE) -> 420881199807220735 | M97: =VLOOKUP(A97,'3月'!A:J,10,FALSE) -> 15207107911 | N97: 0 | Q97: =G97-N97 -> 0
A98: 民院店张学覃 | B98: 民院店 | C98: 私教 | D98: 张学覃 | E98: 在职 | F98: 69.71 | G98: 0 | H98: 359.84 | I98: 96.96 | J98: 13.49 | K98: =VLOOKUP(A98,'3月'!A:H,8,FALSE) -> 辰菲 | L98: =VLOOKUP(A98,'3月'!A:I,9,FALSE) -> 130223199403051116 | M98: =VLOOKUP(A98,'3月'!A:J,10,FALSE) -> 13476159565 | N98: 0 | Q98: =G98-N98 -> 0
A99: 民院店乐孜 | B99: 民院店 | C99: 私教 | D99: 乐孜 | E99: 在职 | F99: 270 | G99: 0 | H99: 359.84 | I99: 96.96 | J99: 13.49 | K99: =VLOOKUP(A99,'3月'!A:H,8,FALSE) -> 辰菲 | L99: =VLOOKUP(A99,'3月'!A:I,9,FALSE) -> 420902200306117727 | M99: =VLOOKUP(A99,'3月'!A:J,10,FALSE) -> 18271755063 | N99: 0 | Q99: =G99-N99 -> 0
A100: 民院店刘笑天 | B100: 民院店 | C100: 私教 | D100: 刘笑天 | E100: 在职 | F100: 360 | G100: 0 | K100: =VLOOKUP(A100,'3月'!A:H,8,FALSE) -> 辰菲 | L100: =VLOOKUP(A100,'3月'!A:I,9,FALSE) -> 420881199808015899 | M100: =VLOOKUP(A100,'3月'!A:J,10,FALSE) -> 17764106512 | N100: 0 | Q100: =G100-N100 -> 0
...

Sheet Sheet1
A1: 116.25 | H1: 高速费 | I1: 13 | K1: 4.4 | L1: 中悦-旭辉 | M1: 61.5
A2: 531.03 | I2: 100 | K2: 4.5 | L2: 中悦到旭辉 | M2: 30.3
A3: 12 | I3: 15 | K3: 4.6 | L3: 旭辉到中悦 | M3: 54.2
A4: 15 | I4: 46 | K4: 4.6 | L4: 中悦到旭辉 | M4: 32.7
A5: 730 | I5: 16 | K5: 4.6 | L5: 旭辉-中悦 | M5: 67.6
A6: 888 | I6: 60 | K6: 4.7 | L6: 中悦到旭辉 | M6: 32.2
A7: 17.8 | H7: 聚餐 | I7: 888 | K7: 4.7 | L7: 旭辉到中悦 | M7: 32.8
A8: 16 | I8: 730 | K8: 4.7 | L8: 中悦到进贤 | M8: 80.5
A9: 46 | I9: 17.8 | K9: 4.8 | L9: 进贤-中悦 | M9: 76.5
A10: 60 | H10: 酒店 | I10: 116.25 | K10: 4.9 | L10: 中悦-旭辉 | M10: 29.4
A11: 100 | K11: 4.10号 | L11: 酒店-旭辉 | M11: 9
K12: 4.10号 | L12: 旭辉-烧烤店 | M12: 8.41
K13: 4.11 | L13: 酒店-旭辉 | M13: 8
K14: 4.12 | L14: 酒店-旭辉 | M14: 7.92
I15: =_xlfn.DISPIMG("ID_969A3F5835A64A7099550712717EFF05",1) -> =DISPIMG("ID_969A3F5835A64A7099550712717EFF05",1) | J15: =_xlfn.DISPIMG("ID_68B4BC6F35DB4AAF82D5EDA95D706E49",1) -> =DISPIMG("ID_68B4BC6F35DB4AAF82D5EDA95D706E49",1) | K15: =_xlfn.DISPIMG("ID_305D73F8981A4506B72D5FDD9B082C22",1) -> =DISPIMG("ID_305D73F8981A4506B72D5FDD9B082C22",1) | L15: =_xlfn.DISPIMG("ID_CFE543C8887E4453BEDE90128B6833DA",1) -> =DISPIMG("ID_CFE543C8887E4453BEDE90128B6833DA",1) | M15: =_xlfn.DISPIMG("ID_DC23554F1F234C87AB75F06284FA5048",1) -> =DISPIMG("ID_DC23554F1F234C87AB75F06284FA5048",1) | N15: =_xlfn.DISPIMG("ID_DD87F0FDE3ED44E4BA66B5AD88F5FF9C",1) -> =DISPIMG("ID_DD87F0FDE3ED44E4BA66B5AD88F5FF9C",1)

Sheet 5月
A1: 门店+姓名 | B1: 门店 | C1: 岗位 | D1: 姓名 | E1: 员工状态 | F1: 报税工资 | G1: 个税 | H1: 基本养老保险费 | I1: 基本医疗保险费 | J1: 失业保险费 | K1: 分公司 | L1: 身份证号 | M1: 联系方式 | N1: 实际个税 | O1: 备注 | Q1: 差额 | S1: 差额1
D2: 刘甜甜 | F2: 17000 | G2: 655.02 | H2: 1360 | I2: 347 | J2: 51 | K2: 武汉山道 | L2: 420684198505276040 | N2: 655.02 | P2: =VLOOKUP(D2,'[8]26.4'!$B:$H,7,FALSE) -> 1758 | Q2: =G2-N2 -> 0
D3: 杨艳 | F3: 2000 | H3: 359.84 | I3: 96.96 | J3: 13.49 | K3: 武汉山道 | L3: 420623198201201047 | N3: 0 | P3: =VLOOKUP(D3,'[8]26.4'!$B:$H,7,FALSE) -> 470.29 | Q3: =G3-N3 -> 0
D4: 刘建斌 | F4: 17000 | G4: 655.02 | H4: 1360 | I4: 347 | J4: 51 | K4: 武汉山道 | L4: 420684198402276056 | M4: 15927000009 | N4: 655.02 | P4: =VLOOKUP(D4,'[8]26.4'!$B:$H,7,FALSE) -> 1758 | Q4: =G4-N4 -> 0
A5: 蚌埠吾悦店王格 | B5: 蚌埠吾悦店 | C5: 前台主管 | D5: 王格 | E5: 在职 | F5: 3950 | G5: 0 | K5: =VLOOKUP(A5,'4月'!A:K,11,FALSE) -> 朝晖人力 | L5: =VLOOKUP(A5,'4月'!A:L,12,FALSE) -> 340322200502054623 | M5: =VLOOKUP(A5,'4月'!A:M,13,FALSE) -> 15375468652 | N5: 0 | Q5: =G5-N5 -> 0
A6: 蚌埠吾悦店孙颖 | B6: 蚌埠吾悦店 | C6: 前台 | D6: 孙颖 | E6: 在职 | F6: 2442 | G6: 0 | K6: =VLOOKUP(A6,'4月'!A:K,11,FALSE) -> 朝晖人力 | L6: =VLOOKUP(A6,'4月'!A:L,12,FALSE) -> 340321200212088263 | M6: =VLOOKUP(A6,'4月'!A:M,13,FALSE) -> 13155218936 | N6: 0 | Q6: =G6-N6 -> 0
A7: 蚌埠吾悦店赵红 | B7: 蚌埠吾悦店 | C7: 保洁 | D7: 赵红 | E7: 在职 | F7: 2375 | G7: 0 | K7: =VLOOKUP(A7,'4月'!A:K,11,FALSE) -> 朝晖人力 | L7: =VLOOKUP(A7,'4月'!A:L,12,FALSE) -> 340302197012310428 | M7: =VLOOKUP(A7,'4月'!A:M,13,FALSE) -> 16655298121 | N7: 0 | Q7: =G7-N7 -> 0
A8: 蚌埠吾悦店陆春亮 | B8: 蚌埠吾悦店 | C8: 保洁 | D8: 陆春亮 | E8: 在职 | F8: 2375 | G8: 0 | K8: =VLOOKUP(A8,'4月'!A:K,11,FALSE) -> 朝晖人力 | L8: =VLOOKUP(A8,'4月'!A:L,12,FALSE) -> 340302196303260411 | M8: =VLOOKUP(A8,'4月'!A:M,13,FALSE) -> 13093664952 | N8: 0 | Q8: =G8-N8 -> 0
A9: 蚌埠吾悦店万小建 | B9: 蚌埠吾悦店 | C9: 会籍经理 | D9: 万小建 | E9: 在职 | F9: 8959.02 | G9: 0 | K9: =VLOOKUP(A9,'4月'!A:K,11,FALSE) -> 朝晖人力 | L9: =VLOOKUP(A9,'4月'!A:L,12,FALSE) -> 340321198606010899 | M9: =VLOOKUP(A9,'4月'!A:M,13,FALSE) -> 1396528/6269 | N9: 0 | Q9: =G9-N9 -> 0
A10: 蚌埠吾悦店邵家文 | B10: 蚌埠吾悦店 | C10: 会籍 | D10: 邵家文 | E10: 在职 | F10: 11121.5 | G10: 0 | K10: =VLOOKUP(A10,'4月'!A:K,11,FALSE) -> 朝晖人力 | L10: =VLOOKUP(A10,'4月'!A:L,12,FALSE) -> 340321200412065031 | M10: =VLOOKUP(A10,'4月'!A:M,13,FALSE) -> 17201600134 | N10: 0 | Q10: =G10-N10 -> 0
A11: 蚌埠吾悦店赵惠春 | B11: 蚌埠吾悦店 | C11: 会籍 | D11: 赵惠春 | E11: 在职 | F11: 14344.5 | G11: 101.74 | K11: =VLOOKUP(A11,'4月'!A:K,11,FALSE) -> 朝晖人力 | L11: =VLOOKUP(A11,'4月'!A:L,12,FALSE) -> 370406200602046621 | M11: =VLOOKUP(A11,'4月'!A:M,13,FALSE) -> 19055243298 | N11: 101.74 | Q11: =G11-N11 -> 0
A12: 蚌埠吾悦店刘庆康 | B12: 蚌埠吾悦店 | C12: 会籍 | D12: 刘庆康 | E12: 在职 | F12: 1444.27 | G12: 0 | K12: =VLOOKUP(A12,'4月'!A:K,11,FALSE) -> 朝晖人力 | L12: =VLOOKUP(A12,'4月'!A:L,12,FALSE) -> 340302200512121011 | M12: =VLOOKUP(A12,[6]离职名单!$D:$T,17,FALSE) -> #N/A | N12: 0 | Q12: =G12-N12 -> 0
A13: 蚌埠吾悦店朱文娟 | B13: 蚌埠吾悦店 | C13: 会籍 | D13: 朱文娟 | E13: 离职 | F13: 979.04 | G13: 0 | K13: =VLOOKUP(A13,'4月'!A:K,11,FALSE) -> 朝晖人力 | L13: =VLOOKUP(A13,'4月'!A:L,12,FALSE) -> 340321199612088646 | M13: =VLOOKUP(A13,'4月'!A:M,13,FALSE) -> 13155218935 | N13: 0 | Q13: =G13-N13 -> 0
A14: 蚌埠吾悦店栾金良 | B14: 蚌埠吾悦店 | C14: 私教经理 | D14: 栾金良 | E14: 在职 | F14: 11461.408 | G14: 100.72 | K14: =VLOOKUP(A14,'4月'!A:K,11,FALSE) -> 朝晖人力 | L14: =VLOOKUP(A14,'4月'!A:L,12,FALSE) -> 321302198506180055 | M14: =VLOOKUP(A14,'4月'!A:M,13,FALSE) -> 13815786616 | N14: 101.17 | Q14: =G14-N14 -> -0.45
A15: 蚌埠吾悦店曲蓝鹤 | B15: 蚌埠吾悦店 | C15: 私教 | D15: 曲蓝鹤 | E15: 在职 | F15: 4290.9672 | G15: 0 | K15: =VLOOKUP(A15,'4月'!A:K,11,FALSE) -> 朝晖人力 | L15: =VLOOKUP(A15,'4月'!A:L,12,FALSE) -> 230505199011080214 | M15: =VLOOKUP(A15,'4月'!A:M,13,FALSE) -> 17755263617 | N15: 0 | Q15: =G15-N15 -> 0
A16: 蚌埠吾悦店蒋维月 | B16: 蚌埠吾悦店 | C16: 私教 | D16: 蒋维月 | E16: 在职 | F16: 4364.2517 | G16: 0 | K16: 朝晖人力 | L16: 340322200712043869 | M16: =VLOOKUP(A16,[6]在职名单!$D:$AK,34,FALSE) -> 18714837986 | N16: 0 | Q16: =G16-N16 -> 0
A17: 蚌埠吾悦店林康 | B17: 蚌埠吾悦店 | C17: 泳教主管 | D17: 林康 | E17: 在职 | F17: 7701.63 | G17: 0 | K17: =VLOOKUP(A17,'4月'!A:K,11,FALSE) -> 朝晖人力 | L17: =VLOOKUP(A17,'4月'!A:L,12,FALSE) -> 340321200212060850 | M17: =VLOOKUP(A17,'4月'!A:M,13,FALSE) -> 15056356955 | N17: 0 | Q17: =G17-N17 -> 0
A18: 蚌埠吾悦店周凯乐 | B18: 蚌埠吾悦店 | C18: 泳教 | D18: 周凯乐 | E18: 在职 | F18: 92.597407 | G18: 0 | K18: 朝晖人力 | L18: =VLOOKUP(A18,[6]在职名单!$D:$AF,29,FALSE) -> 340321200108182495 | M18: =VLOOKUP(A18,[6]在职名单!$D:$AK,34,FALSE) -> 18715261682 | N18: 0 | Q18: =G18-N18 -> 0
A19: 蚌埠吾悦店李响 | B19: 蚌埠吾悦店 | C19: 泳教 | D19: 李响 | E19: 在职 | F19: 2642.5 | G19: 0 | K19: =VLOOKUP(A19,'4月'!A:K,11,FALSE) -> 朝晖人力 | L19: =VLOOKUP(A19,'4月'!A:L,12,FALSE) -> 34030219860130002X | M19: =VLOOKUP(A19,[6]离职名单!$D:$T,17,FALSE) -> #N/A | N19: 0 | Q19: =G19-N19 -> 0
A20: 蚌埠银泰店张健 | B20: 蚌埠银泰店 | C20: 店长 | D20: 张健 | E20: 在职 | F20: 6686.792 | G20: 0 | K20: =VLOOKUP(A20,'4月'!A:K,11,FALSE) -> 朝晖人力 | L20: =VLOOKUP(A20,'4月'!A:L,12,FALSE) -> 342601199308085099 | M20: =VLOOKUP(A20,'4月'!A:M,13,FALSE) -> 18556503671 | N20: 0 | Q20: =G20-N20 -> 0
A21: 蚌埠银泰店彭莹莹 | B21: 蚌埠银泰店 | C21: 前台主管 | D21: 彭莹莹 | E21: 在职 | F21: 3450 | G21: 0 | K21: =VLOOKUP(A21,'4月'!A:K,11,FALSE) -> 朝晖人力 | L21: =VLOOKUP(A21,'4月'!A:L,12,FALSE) -> 34031119930320142X | M21: =VLOOKUP(A21,'4月'!A:M,13,FALSE) -> 18895657368 | N21: 0 | Q21: =G21-N21 -> 0
A22: 蚌埠银泰店王引 | B22: 蚌埠银泰店 | C22: 前台 | D22: 王引 | E22: 离职 | F22: 648.15 | G22: 0 | K22: =VLOOKUP(A22,'4月'!A:K,11,FALSE) -> 朝晖人力 | L22: =VLOOKUP(A22,'4月'!A:L,12,FALSE) -> 340311199603300024 | M22: =VLOOKUP(A22,'4月'!A:M,13,FALSE) -> 18297325069 | N22: 0 | Q22: =G22-N22 -> 0
A23: 蚌埠银泰店王梦蝶 | B23: 蚌埠银泰店 | C23: 前台 | D23: 王梦蝶 | E23: 在职 | F23: 2700 | G23: 0 | K23: 朝晖人力 | L23: =VLOOKUP(A23,[6]在职名单!$D:$AF,29,FALSE) -> 340321199903303123 | M23: =VLOOKUP(A23,[6]在职名单!$D:$AK,34,FALSE) -> 15021243059 | N23: 0 | Q23: =G23-N23 -> 0
A24: 蚌埠银泰店李桂华 | B24: 蚌埠银泰店 | C24: 保洁 | D24: 李桂华 | E24: 在职 | F24: 2475 | G24: 0 | K24: =VLOOKUP(A24,'4月'!A:K,11,FALSE) -> 朝晖人力 | L24: =VLOOKUP(A24,'4月'!A:L,12,FALSE) -> 340123196511187707 | M24: =VLOOKUP(A24,'4月'!A:M,13,FALSE) -> 17705522172 | N24: 0 | Q24: =G24-N24 -> 0
A25: 蚌埠银泰店王良顺 | B25: 蚌埠银泰店 | C25: 保洁 | D25: 王良顺 | E25: 在职 | F25: 2375 | G25: 0 | K25: =VLOOKUP(A25,'4月'!A:K,11,FALSE) -> 朝晖人力 | L25: =VLOOKUP(A25,'4月'!A:L,12,FALSE) -> 340301196210230030 | M25: =VLOOKUP(A25,'4月'!A:M,13,FALSE) -> 13965298264 | N25: 0 | Q25: =G25-N25 -> 0
A26: 蚌埠银泰店史玲娟 | B26: 蚌埠银泰店 | C26: 会籍 | D26: 史玲娟 | E26: 在职 | F26: 15053.316 | G26: 194.79 | K26: =VLOOKUP(A26,'4月'!A:K,11,FALSE) -> 朝晖人力 | L26: =VLOOKUP(A26,'4月'!A:L,12,FALSE) -> 340323200311216227 | M26: =VLOOKUP(A26,'4月'!A:M,13,FALSE) -> 15755212422 | N26: 194.8 | Q26: =G26-N26 -> -0.01
A27: 蚌埠银泰店邵怡 | B27: 蚌埠银泰店 | C27: 会籍 | D27: 邵怡 | E27: 离职 | F27: 31.62 | G27: 0 | K27: =VLOOKUP(A27,'4月'!A:K,11,FALSE) -> 朝晖人力 | L27: =VLOOKUP(A27,'4月'!A:L,12,FALSE) -> 340321200508126572 | M27: =VLOOKUP(A27,'4月'!A:M,13,FALSE) -> 19215600959 | N27: 0 | Q27: =G27-N27 -> 0
A28: 蚌埠银泰店王紫贵 | B28: 蚌埠银泰店 | C28: 会籍 | D28: 王紫贵 | E28: 离职 | F28: 1354.7285 | G28: 0 | K28: =VLOOKUP(A28,'4月'!A:K,11,FALSE) -> 朝晖人力 | L28: =VLOOKUP(A28,'4月'!A:L,12,FALSE) -> 340303200302060616 | M28: =VLOOKUP(A28,'4月'!A:M,13,FALSE) -> 18255215140 | N28: 0 | Q28: =G28-N28 -> 0
A29: 蚌埠银泰店顾帅帅 | B29: 蚌埠银泰店 | C29: 会籍 | D29: 顾帅帅 | E29: 离职 | F29: 2507.4026 | G29: 0 | K29: 朝晖人力 | L29: 340321200507210836 | M29: 15556190914 | N29: 0 | Q29: =G29-N29 -> 0
A30: 蚌埠银泰店马涵 | B30: 蚌埠银泰店 | C30: 会籍 | D30: 马涵 | E30: 在职 | F30: 2125.7393 | G30: 0 | K30: 朝晖人力 | L30: =VLOOKUP(A30,[6]在职名单!$D:$AF,29,FALSE) -> 340322200402200814 | M30: =VLOOKUP(A30,[6]在职名单!$D:$AK,34,FALSE) -> 18160811362 | N30: 0 | Q30: =G30-N30 -> 0
A31: 蚌埠银泰店孙齐云 | B31: 蚌埠银泰店 | C31: 私教经理 | D31: 孙齐云 | E31: 在职 | F31: 10670.64 | G31: 66.26 | K31: =VLOOKUP(A31,'4月'!A:K,11,FALSE) -> 朝晖人力 | L31: =VLOOKUP(A31,'4月'!A:L,12,FALSE) -> 342626199407204919 | M31: =VLOOKUP(A31,'4月'!A:M,13,FALSE) -> 13851536096 | N31: 66.26 | Q31: =G31-N31 -> 0
A32: 蚌埠银泰店李可 | B32: 蚌埠银泰店 | C32: 私教 | D32: 李可 | E32: 在职 | F32: 4680.5674 | G32: 0 | K32: =VLOOKUP(A32,'4月'!A:K,11,FALSE) -> 朝晖人力 | L32: =VLOOKUP(A32,'4月'!A:L,12,FALSE) -> 340404200104240028 | M32: =VLOOKUP(A32,'4月'!A:M,13,FALSE) -> 18055464203 | N32: 0 | Q32: =G32-N32 -> 0
A33: 蚌埠银泰店黄顺顺 | B33: 蚌埠银泰店 | C33: 私教 | D33: 黄顺顺 | E33: 在职 | F33: 160.004 | G33: 0 | K33: 朝晖人力 | L33: 340311200308301214 | M33: 18101221171 | N33: 0 | Q33: =G33-N33 -> 0
A34: 蚌埠银泰店黄少聪 | B34: 蚌埠银泰店 | C34: 私教 | D34: 黄少聪 | E34: 离职 | F34: 186.66867 | G34: 0 | K34: 朝晖人力 | L34: =VLOOKUP(A34,[6]在职名单!$D:$AF,29,FALSE) -> 340321200201193092 | M34: =VLOOKUP(A34,[6]在职名单!$D:$AK,34,FALSE) -> 13075571359 | O34: #N/A
A35: 蚌埠银泰店赵亮 | B35: 蚌埠银泰店 | C35: 私教 | D35: 赵亮 | E35: 离职 | F35: 373.33067 | G35: 0 | K35: 没有身份证号 | L35: 没有身份证号 | M35: 没有身份证号 | Q35: =G35-N35 -> 0
A36: 蚌埠银泰店谢震威 | B36: 蚌埠银泰店 | C36: 泳教主管 | D36: 谢震威 | E36: 在职 | F36: 4768.52 | G36: 0 | K36: 朝晖人力 | L36: =VLOOKUP(A36,[6]在职名单!$D:$AF,29,FALSE) -> 340621199808143236 | M36: =VLOOKUP(A36,[6]在职名单!$D:$AK,34,FALSE) -> 15756166520 | N36: 0 | Q36: =G36-N36 -> 0
A37: 蚌埠银泰店张磊 | B37: 蚌埠银泰店 | C37: 泳教 | D37: 张磊 | E37: 离职 | F37: 1688.15 | G37: 0 | K37: 朝晖人力 | L37: =VLOOKUP(A37,[6]在职名单!$D:$AF,29,FALSE) -> 342224199210161156 | M37: =VLOOKUP(A37,[6]在职名单!$D:$AK,34,FALSE) -> 15262349964 | N37: 0 | Q37: =G37-N37 -> 0
A38: 蚌埠银泰店王宇恒 | B38: 蚌埠银泰店 | C38: 泳教 | D38: 王宇恒 | E38: 离职 | F38: 3165.54 | G38: 0 | K38: 朝晖人力 | L38: =VLOOKUP(A38,[6]在职名单!$D:$AF,29,FALSE) -> 340321200206273438 | M38: =VLOOKUP(A38,[6]在职名单!$D:$AK,34,FALSE) -> 18155415334 | N38: 0 | Q38: =G38-N38 -> 0
A39: 蚌埠银泰店张建成 | B39: 蚌埠银泰店 | C39: 泳教 | D39: 张建成 | E39: 在职 | F39: 325.92963 | G39: 0 | K39: 朝晖人力 | L39: 340323199705206253 | M39: 15155203756 | N39: 0 | Q39: =G39-N39 -> 0
A40: 蚌埠银泰店高传宏 | B40: 蚌埠银泰店 | C40: 救生员 | D40: 高传宏 | E40: 在职 | F40: 2214.81 | G40: 0 | K40: 朝晖人力 | L40: =VLOOKUP(A40,[6]在职名单!$D:$AF,29,FALSE) -> 340304196904170633 | M40: =VLOOKUP(A40,[6]在职名单!$D:$AK,34,FALSE) -> 13295524310 | N40: 0 | Q40: =G40-N40 -> 0
A41: 蚌埠银泰店李彬 | B41: 蚌埠银泰店 | C41: 泳教主管 | D41: 李彬 | E41: 离职 | F41: 1194 | G41: 0 | K41: 朝晖人力 | L41: =VLOOKUP(A41,[6]在职名单!$D:$AF,29,FALSE) -> 340321199910036238 | M41: =VLOOKUP(A41,[6]在职名单!$D:$AK,34,FALSE) -> 15050227449 | N41: 0 | Q41: =G41-N41 -> 0
A42: 淮北吾悦店欧林雨 | B42: 淮北吾悦店 | C42: 前台主管 | D42: 欧林雨 | E42: 在职 | F42: 6477.492 | G42: 0 | K42: =VLOOKUP(A42,'4月'!A:K,11,FALSE) -> 朝晖人力 | L42: =VLOOKUP(A42,'4月'!A:L,12,FALSE) -> 342222200201195824 | M42: =VLOOKUP(A42,'4月'!A:M,13,FALSE) -> 19856101932 | N42: 0 | Q42: =G42-N42 -> 0
A43: 淮北吾悦店王紫妍 | B43: 淮北吾悦店 | C43: 前台 | D43: 王紫妍 | E43: 在职 | F43: 3928.544 | G43: 0 | K43: =VLOOKUP(A43,'4月'!A:K,11,FALSE) -> 朝晖人力 | L43: =VLOOKUP(A43,'4月'!A:L,12,FALSE) -> 340602200312120424 | M43: =VLOOKUP(A43,'4月'!A:M,13,FALSE) -> 17756143344 | N43: 0 | Q43: =G43-N43 -> 0
A44: 淮北吾悦店高泉 | B44: 淮北吾悦店 | C44: 保洁 | D44: 高泉 | E44: 在职 | F44: 2375 | G44: 0 | K44: =VLOOKUP(A44,'4月'!A:K,11,FALSE) -> 朝晖人力 | L44: =VLOOKUP(A44,'4月'!A:L,12,FALSE) -> 342123196308128893 | M44: =VLOOKUP(A44,'4月'!A:M,13,FALSE) -> 15156191196 | N44: 0 | Q44: =G44-N44 -> 0
A45: 淮北吾悦店韩召君 | B45: 淮北吾悦店 | C45: 会籍经理 | D45: 韩召君 | E45: 在职 | F45: 4921.48 | G45: 0 | K45: 朝晖人力 | L45: 342201198506070414 | M45: 13955704373 | N45: 0 | Q45: =G45-N45 -> 0
A46: 淮北吾悦店王志鹏 | B46: 淮北吾悦店 | C46: 私教 | D46: 王志鹏 | E46: 在职 | F46: 4166.9496 | G46: 0 | K46: =VLOOKUP(A46,'4月'!A:K,11,FALSE) -> 朝晖人力 | L46: =VLOOKUP(A46,'4月'!A:L,12,FALSE) -> 340123200211201676 | M46: =VLOOKUP(A46,'4月'!A:M,13,FALSE) -> 18955104181 | N46: 0 | Q46: =G46-N46 -> 0
A47: 淮北吾悦店陈赛 | B47: 淮北吾悦店 | C47: 泳教 | D47: 陈赛 | E47: 在职 | F47: 222.22222 | G47: 0 | K47: 朝晖人力 | L47: =VLOOKUP(A47,[6]在职名单!$D:$AF,29,FALSE) -> 340621200602032819 | M47: =VLOOKUP(A47,[6]在职名单!$D:$AK,34,FALSE) -> 17356127536 | N47: 0 | Q47: =G47-N47 -> 0
A48: 淮南吾悦店周涛 | B48: 淮南吾悦店 | C48: 区域总 | D48: 周涛 | E48: 在职 | F48: 24125.62 | G48: 1117.9 | H48: =VLOOKUP(D48,'4月'!D:H,5,FALSE) -> 359.84 | I48: =VLOOKUP(D48,'4月'!D:I,6,FALSE) -> 96.96 | J48: =VLOOKUP(D48,'4月'!D:J,7,FALSE) -> 13.49 | K48: =VLOOKUP(A48,'4月'!A:K,11,FALSE) -> 武汉山道 | L48: =VLOOKUP(A48,'4月'!A:L,12,FALSE) -> 421125198511060012 | M48: =VLOOKUP(A48,'4月'!A:M,13,FALSE) -> 15927100269 | N48: 1117.9 | P48: =VLOOKUP(D48,'[8]26.4'!$B:$H,7,FALSE) -> 470.29 | Q48: =G48-N48 -> 0
A49: 淮南吾悦店刘瑞斌 | B49: 淮南吾悦店 | C49: 店长 | D49: 刘瑞斌 | E49: 在职 | F49: 12640.164 | G49: 229.2 | H49: =VLOOKUP(D49,'4月'!D:H,5,FALSE) -> 359.84 | I49: =VLOOKUP(D49,'4月'!D:I,6,FALSE) -> 96.96 | J49: =VLOOKUP(D49,'4月'!D:J,7,FALSE) -> 13.49 | K49: =VLOOKUP(A49,'4月'!A:K,11,FALSE) -> #N/A | L49: =VLOOKUP(A49,[7]花名册!$D:$L,9,FALSE) -> #N/A | M49: =VLOOKUP(A49,[7]花名册!$D:$P,13,FALSE) -> #N/A | O49: #N/A | P49: =VLOOKUP(D49,'[8]26.4'!$B:$H,7,FALSE) -> 470.29
A50: 淮南吾悦店刘徐晴 | B50: 淮南吾悦店 | C50: 前台主管 | D50: 刘徐晴 | E50: 在职 | F50: 3388.89 | G50: 0 | K50: =VLOOKUP(A50,'4月'!A:K,11,FALSE) -> 朝晖人力 | L50: =VLOOKUP(A50,'4月'!A:L,12,FALSE) -> 340406199205233043 | M50: =VLOOKUP(A50,'4月'!A:M,13,FALSE) -> 17730160242 | N50: 0 | Q50: =G50-N50 -> 0
A51: 淮南吾悦店张晓冬 | B51: 淮南吾悦店 | C51: 前台 | D51: 张晓冬 | E51: 在职 | F51: 3069 | G51: 0 | K51: =VLOOKUP(A51,'4月'!A:K,11,FALSE) -> 朝晖人力 | L51: =VLOOKUP(A51,'4月'!A:L,12,FALSE) -> 42282519991003064X | M51: =VLOOKUP(A51,'4月'!A:M,13,FALSE) -> 15623356005 | N51: 0 | Q51: =G51-N51 -> 0
A52: 淮南吾悦店林丽 | B52: 淮南吾悦店 | C52: 保洁 | D52: 林丽 | E52: 在职 | F52: 2370 | G52: 0 | K52: =VLOOKUP(A52,'4月'!A:K,11,FALSE) -> 朝晖人力 | L52: =VLOOKUP(A52,'4月'!A:L,12,FALSE) -> 340406197002032242 | M52: =VLOOKUP(A52,'4月'!A:M,13,FALSE) -> 19855485653 | N52: 0 | Q52: =G52-N52 -> 0
A53: 淮南吾悦店许邦元 | B53: 淮南吾悦店 | C53: 保洁 | D53: 许邦元 | E53: 在职 | F53: 2370 | G53: 0 | K53: =VLOOKUP(A53,'4月'!A:K,11,FALSE) -> 朝晖人力 | L53: =VLOOKUP(A53,'4月'!A:L,12,FALSE) -> 340402196002250012 | M53: =VLOOKUP(A53,'4月'!A:M,13,FALSE) -> 15755400059 | N53: 0 | Q53: =G53-N53 -> 0
A54: 淮南吾悦店焦家喻 | B54: 淮南吾悦店 | C54: 会籍经理 | D54: 焦家喻 | E54: 在职 | F54: 13131.91 | G54: 149.24 | K54: =VLOOKUP(A54,'4月'!A:K,11,FALSE) -> 朝晖人力 | L54: =VLOOKUP(A54,'4月'!A:L,12,FALSE) -> 422326198512295217 | M54: =VLOOKUP(A54,'4月'!A:M,13,FALSE) -> 13997538150 | N54: 149.24 | Q54: =G54-N54 -> 0
A55: 淮南吾悦店马晨晨 | B55: 淮南吾悦店 | C55: 会籍 | D55: 马晨晨 | E55: 在职 | F55: 11531.62 | G55: 0 | K55: =VLOOKUP(A55,'4月'!A:K,11,FALSE) -> 朝晖人力 | L55: =VLOOKUP(A55,'4月'!A:L,12,FALSE) -> 340405199309040047 | M55: =VLOOKUP(A55,'4月'!A:M,13,FALSE) -> 16605542692 | N55: 0 | Q55: =G55-N55 -> 0
A56: 淮南吾悦店张鑫杰 | B56: 淮南吾悦店 | C56: 会籍 | D56: 张鑫杰 | E56: 在职 | F56: 490.67 | G56: 0 | K56: =VLOOKUP(A56,'4月'!A:K,11,FALSE) -> 朝晖人力 | L56: =VLOOKUP(A56,'4月'!A:L,12,FALSE) -> 410221200502176512 | M56: =VLOOKUP(A56,'4月'!A:M,13,FALSE) -> 18836866156 | N56: 0 | Q56: =G56-N56 -> 0
A57: 淮南吾悦店许子恒 | B57: 淮南吾悦店 | C57: 会籍 | D57: 许子恒 | E57: 在职 | F57: 1688.5411 | G57: 0 | K57: 朝晖人力 | L57: =VLOOKUP(A57,[6]在职名单!$D:$AF,29,FALSE) -> 340602200912112831 | M57: =VLOOKUP(A57,[6]在职名单!$D:$AK,34,FALSE) -> 19955443825 | N57: 0 | Q57: =G57-N57 -> 0
A58: 淮南吾悦店刘少辉 | B58: 淮南吾悦店 | C58: 会籍 | D58: 刘少辉 | E58: 在职 | F58: 1664.6215 | G58: 0 | K58: 朝晖人力 | L58: =VLOOKUP(A58,[6]在职名单!$D:$AF,29,FALSE) -> 340406199912073018 | M58: =VLOOKUP(A58,[6]在职名单!$D:$AK,34,FALSE) -> 15240043745 | N58: 0 | Q58: =G58-N58 -> 0
A59: 淮南吾悦店孟祥 | B59: 淮南吾悦店 | C59: 私教主管 | D59: 孟祥 | E59: 在职 | F59: 6669.3109 | G59: 0 | K59: =VLOOKUP(A59,'4月'!A:K,11,FALSE) -> 朝晖人力 | L59: =VLOOKUP(A59,'4月'!A:L,12,FALSE) -> 340421199412063853 | M59: =VLOOKUP(A59,'4月'!A:M,13,FALSE) -> 18558655504 | N59: 0 | Q59: =G59-N59 -> 0
A60: 淮南吾悦店郑祥泰 | B60: 淮南吾悦店 | C60: 私教 | D60: 郑祥泰 | E60: 在职 | F60: 10043.521 | G60: 0 | K60: =VLOOKUP(A60,'4月'!A:K,11,FALSE) -> 朝晖人力 | L60: =VLOOKUP(A60,'4月'!A:L,12,FALSE) -> 341621200110014017 | M60: =VLOOKUP(A60,'4月'!A:M,13,FALSE) -> 17555810180 | N60: 0 | Q60: =G60-N60 -> 0
A61: 淮南吾悦店张楠 | B61: 淮南吾悦店 | C61: 泳教主管 | D61: 张楠 | E61: 在职 | F61: 11158.655 | G61: 0 | K61: =VLOOKUP(A61,'4月'!A:K,11,FALSE) -> 朝晖人力 | L61: =VLOOKUP(A61,'4月'!A:L,12,FALSE) -> 341126200010156936 | M61: =VLOOKUP(A61,'4月'!A:M,13,FALSE) -> 17727600461 | N61: 111.69 | Q61: =G61-N61 -> -111.69
A62: 淮南吾悦店王永瑞 | B62: 淮南吾悦店 | C62: 泳教 | D62: 王永瑞 | E62: 在职 | F62: 3681.72 | G62: 0 | K62: =VLOOKUP(A62,'4月'!A:K,11,FALSE) -> 朝晖人力 | L62: =VLOOKUP(A62,'4月'!A:L,12,FALSE) -> 340406200310081438 | M62: =VLOOKUP(A62,'4月'!A:M,13,FALSE) -> 18155490194 | N62: 0 | Q62: =G62-N62 -> 0
A63: 淮南吾悦店金全涛 | B63: 淮南吾悦店 | C63: 泳教 | D63: 金全涛 | E63: 在职 | F63: 2982.04 | G63: 0 | K63: 朝晖人力 | L63: =VLOOKUP(A63,[6]在职名单!$D:$AF,29,FALSE) -> 340421200012200439 | M63: =VLOOKUP(A63,[6]在职名单!$D:$AK,34,FALSE) -> 13013051159 | N63: 0 | Q63: =G63-N63 -> 0
A64: 淮南吾悦店陈一鸣 | B64: 淮南吾悦店 | C64: 泳教 | D64: 陈一鸣 | E64: 兼职 | F64: 661.72414 | G64: 0 | K64: 朝晖人力 | L64: =VLOOKUP(A64,[6]在职名单!$D:$AF,29,FALSE) -> 34040320001221001X | M64: =VLOOKUP(A64,[6]在职名单!$D:$AK,34,FALSE) -> 18130137196 | N64: 0 | Q64: =G64-N64 -> 0
A65: 宿州吾悦店韩涛 | B65: 宿州吾悦店 | C65: 店长 | D65: 韩涛 | E65: 在职 | F65: 16261.537 | G65: 0 | H65: =VLOOKUP(D65,'4月'!D:H,5,FALSE) -> 359.84 | I65: =VLOOKUP(D65,'4月'!D:I,6,FALSE) -> 96.96 | J65: =VLOOKUP(D65,'4月'!D:J,7,FALSE) -> 13.49 | K65: =VLOOKUP(A65,'4月'!A:K,11,FALSE) -> 朝晖人力 | L65: =VLOOKUP(A65,'4月'!A:L,12,FALSE) -> 420527198706285338 | M65: =VLOOKUP(A65,'4月'!A:M,13,FALSE) -> 13332527599 | N65: 0 | P65: =VLOOKUP(D65,'[8]26.4'!$B:$H,7,FALSE) -> 470.29 | Q65: =G65-N65 -> 0
A66: 宿州吾悦店涂佩 | B66: 宿州吾悦店 | C66: 前台主管 | D66: 涂佩 | E66: 在职 | F66: 4040 | G66: 0 | K66: =VLOOKUP(A66,'4月'!A:K,11,FALSE) -> 朝晖人力 | L66: =VLOOKUP(A66,'4月'!A:L,12,FALSE) -> 421122199006094225 | M66: =VLOOKUP(A66,'4月'!A:M,13,FALSE) -> 15655706018 | N66: 0 | Q66: =G66-N66 -> 0
A67: 宿州吾悦店陈晨 | B67: 宿州吾悦店 | C67: 前台 | D67: 陈晨 | E67: 在职 | F67: 1788.89 | G67: 0 | K67: =VLOOKUP(A67,'4月'!A:K,11,FALSE) -> 朝晖人力 | L67: 341323200406160562 | M67: 15398200885 | N67: 0 | Q67: =G67-N67 -> 0
A68: 宿州吾悦店赵丽 | B68: 宿州吾悦店 | C68: 前台 | D68: 赵丽 | E68: 在职 | F68: 1018.5215 | G68: 0 | K68: 朝晖人力 | L68: =VLOOKUP(A68,[6]在职名单!$D:$AF,29,FALSE) -> 341302200308232823 | M68: =VLOOKUP(A68,[6]在职名单!$D:$AK,34,FALSE) -> 15240079764 | N68: 0 | Q68: =G68-N68 -> 0
A69: 宿州吾悦店王淑萍 | B69: 宿州吾悦店 | C69: 保洁 | D69: 王淑萍 | E69: 在职 | F69: 2385 | G69: 0 | K69: =VLOOKUP(A69,'4月'!A:K,11,FALSE) -> 朝晖人力 | L69: =VLOOKUP(A69,'4月'!A:L,12,FALSE) -> 340604196008270480 | M69: =VLOOKUP(A69,'4月'!A:M,13,FALSE) -> 13026041688 | N69: 0 | Q69: =G69-N69 -> 0
A70: 宿州吾悦店哈大宝 | B70: 宿州吾悦店 | C70: 保洁 | D70: 哈大宝 | E70: 在职 | F70: 2385 | G70: 0 | K70: =VLOOKUP(A70,'4月'!A:K,11,FALSE) -> 朝晖人力 | L70: =VLOOKUP(A70,'4月'!A:L,12,FALSE) -> 340621196008214813 | M70: =VLOOKUP(A70,'4月'!A:M,13,FALSE) -> 13866590052 | N70: 0 | Q70: =G70-N70 -> 0
A71: 宿州吾悦店李金鞠 | B71: 宿州吾悦店 | C71: 会籍经理 | D71: 李金鞠 | E71: 在职 | F71: 19941.561 | G71: 0 | H71: =VLOOKUP(D71,'4月'!D:H,5,FALSE) -> 359.84 | I71: =VLOOKUP(D71,'4月'!D:I,6,FALSE) -> 96.96 | J71: =VLOOKUP(D71,'4月'!D:J,7,FALSE) -> 13.49 | K71: =VLOOKUP(A71,'4月'!A:K,11,FALSE) -> 朝晖人力 | L71: =VLOOKUP(A71,'4月'!A:L,12,FALSE) -> 342201198804070420 | M71: =VLOOKUP(A71,'4月'!A:M,13,FALSE) -> 18705579951 | N71: 0 | P71: =VLOOKUP(D71,'[8]26.4'!$B:$H,7,FALSE) -> 470.29 | Q71: =G71-N71 -> 0
A72: 宿州吾悦店王宁 | B72: 宿州吾悦店 | C72: 会籍 | D72: 王宁 | E72: 在职 | F72: 3195.9199 | G72: 0 | K72: =VLOOKUP(A72,'4月'!A:K,11,FALSE) -> 朝晖人力 | L72: =VLOOKUP(A72,'4月'!A:L,12,FALSE) -> 342201199210316416 | M72: =VLOOKUP(A72,'4月'!A:M,13,FALSE) -> 18714903660 | N72: 0 | Q72: =G72-N72 -> 0
A73: 宿州吾悦店杨子席 | B73: 宿州吾悦店 | C73: 会籍 | D73: 杨子席 | E73: 在职 | F73: 2089.8936 | G73: 0 | K73: =VLOOKUP(A73,'4月'!A:K,11,FALSE) -> 朝晖人力 | L73: =VLOOKUP(A73,'4月'!A:L,12,FALSE) -> 34130220060305285X | M73: =VLOOKUP(A73,'4月'!A:M,13,FALSE) -> 18895767395 | N73: 0 | Q73: =G73-N73 -> 0
A74: 宿州吾悦店韩翠兰 | B74: 宿州吾悦店 | C74: 会籍 | D74: 韩翠兰 | E74: 离职 | F74: 0 | G74: 0 | K74: 朝晖人力 | L74: =VLOOKUP(A74,[6]在职名单!$D:$AF,29,FALSE) -> 342201198307050461 | M74: =VLOOKUP(A74,[6]在职名单!$D:$AK,34,FALSE) -> 13733089608 | N74: 0 | Q74: =G74-N74 -> 0
A75: 宿州吾悦店吴忠虎 | B75: 宿州吾悦店 | C75: 私教 | D75: 吴忠虎 | E75: 在职 | F75: 3673.8 | G75: 0 | K75: =VLOOKUP(A75,'4月'!A:K,11,FALSE) -> 朝晖人力 | L75: =VLOOKUP(A75,'4月'!A:L,12,FALSE) -> 342201199703101616 | M75: =VLOOKUP(A75,'4月'!A:M,13,FALSE) -> 13855722392 | N75: 0 | Q75: =G75-N75 -> 0
A76: 宿州吾悦店陈晨 | B76: 宿州吾悦店 | C76: 私教 | D76: 陈晨 | E76: 在职 | F76: 8177.76 | G76: 0 | K76: =VLOOKUP(A76,'4月'!A:K,11,FALSE) -> 朝晖人力 | L76: 342201199508031835 | M76: 15398200885 | N76: 0 | Q76: =G76-N76 -> 0
A77: 宿州吾悦店朱欣园 | B77: 宿州吾悦店 | C77: 私教 | D77: 朱欣园 | E77: 在职 | F77: 2398.455 | G77: 0 | K77: =VLOOKUP(A77,'4月'!A:K,11,FALSE) -> 朝晖人力 | L77: =VLOOKUP(A77,'4月'!A:L,12,FALSE) -> 340621200508084436 | M77: =VLOOKUP(A77,'4月'!A:M,13,FALSE) -> 17682726539 | N77: 0 | Q77: =G77-N77 -> 0
A78: 宿州吾悦店邓浩 | B78: 宿州吾悦店 | C78: 私教 | D78: 邓浩 | E78: 离职 | F78: 233.334 | G78: 0 | K78: 朝晖人力 | L78: =VLOOKUP(A78,[6]在职名单!$D:$AF,29,FALSE) -> 341621200010104592 | M78: =VLOOKUP(A78,[6]在职名单!$D:$AK,34,FALSE) -> 19930188385 | O78: #N/A
A79: 宿州吾悦店孟鑫 | B79: 宿州吾悦店 | C79: 私教 | D79: 孟鑫 | E79: 在职 | F79: 236.25 | G79: 0 | K79: 朝晖人力 | L79: 340621199309224824 | M79: 15756183202 | N79: 0 | Q79: =G79-N79 -> 0
A80: 宿州吾悦店邢雪 | B80: 宿州吾悦店 | C80: 泳教 | D80: 邢雪雪 | E80: 在职 | F80: 15160.72 | G80: 152.56 | K80: =VLOOKUP(A80,'4月'!A:K,11,FALSE) -> 朝晖人力 | L80: 342201199008083284 | M80: 15155702610 | N80: 152.56 | Q80: =G80-N80 -> 0
A81: 宿州吾悦店孙璐 | B81: 宿州吾悦店 | C81: 泳教主管 | D81: 孙璐 | E81: 在职 | F81: 10787.828 | G81: 0 | K81: =VLOOKUP(A81,'4月'!A:K,11,FALSE) -> 朝晖人力 | L81: =VLOOKUP(A81,'4月'!A:L,12,FALSE) -> 341302200205149015 | M81: =VLOOKUP(A81,'4月'!A:M,13,FALSE) -> 19955776097 | N81: 0 | Q81: =G81-N81 -> 0
A82: 华农店何家珍 | B82: 华农店 | C82: 保洁 | D82: 何家珍 | E82: 在职 | F82: 3490 | G82: 0 | K82: =VLOOKUP(A82,'4月'!A:K,11,FALSE) -> 南湖 | L82: =VLOOKUP(A82,'4月'!A:L,12,FALSE) -> 420122196810222844 | M82: =VLOOKUP(A82,'4月'!A:M,13,FALSE) -> 13871599682 | N82: 0 | Q82: =G82-N82 -> 0
A83: 华农店郭凯 | B83: 华农店 | C83: 店长 | D83: 郭凯 | E83: 在职 | F83: 27321.99 | G83: 241.23 | H83: =VLOOKUP(D83,'4月'!D:H,5,FALSE) -> 359.84 | I83: =VLOOKUP(D83,'4月'!D:I,6,FALSE) -> 96.96 | J83: =VLOOKUP(D83,'4月'!D:J,7,FALSE) -> 13.49 | K83: =VLOOKUP(A83,'4月'!A:K,11,FALSE) -> 武汉山道 | L83: =VLOOKUP(A83,'4月'!A:L,12,FALSE) -> 421182199603072952 | M83: =VLOOKUP(A83,'4月'!A:M,13,FALSE) -> 13817689240 | N83: 213.01 | P83: =VLOOKUP(D83,'[8]26.4'!$B:$H,7,FALSE) -> 470.29 | Q83: =G83-N83 -> 28.22
A84: 华农店简安珍 | B84: 华农店 | C84: 前台 | D84: 简安珍 | E84: 在职 | F84: 2104.0707 | G84: 0 | K84: 朝晖人力 | L84: =VLOOKUP(A84,[6]在职名单!$D:$AF,29,FALSE) -> 532627200211250929 | M84: =VLOOKUP(A84,[6]在职名单!$D:$AK,34,FALSE) -> 15390887764 | N84: 0 | Q84: =G84-N84 -> 0
A85: 华农店沈盼 | B85: 华农店 | C85: 私教经理 | D85: 沈盼 | E85: 在职 | F85: 24668.334 | G85: 261.55 | K85: =VLOOKUP(A85,'4月'!A:K,11,FALSE) -> 南湖 | L85: =VLOOKUP(A85,'4月'!A:L,12,FALSE) -> 422126199901264012 | M85: =VLOOKUP(A85,'4月'!A:M,13,FALSE) -> 18872230919 | N85: 261.55 | Q85: =G85-N85 -> 0
A86: 华农店李志林 | B86: 华农店 | C86: 私教 | D86: 李志林 | E86: 在职 | F86: 14477.246 | G86: 74.76 | H86: =VLOOKUP(D86,'4月'!D:H,5,FALSE) -> 359.84 | I86: =VLOOKUP(D86,'4月'!D:I,6,FALSE) -> 96.96 | J86: =VLOOKUP(D86,'4月'!D:J,7,FALSE) -> 13.49 | K86: =VLOOKUP(A86,'4月'!A:K,11,FALSE) -> 南湖 | L86: =VLOOKUP(A86,'4月'!A:L,12,FALSE) -> 421221200007170714 | M86: =VLOOKUP(A86,'4月'!A:M,13,FALSE) -> 15926928101 | N86: 46.55 | P86: =VLOOKUP(D86,'[8]26.4'!$B:$H,7,FALSE) -> 470.29 | Q86: =G86-N86 -> 28.21
A87: 华农店李超 | B87: 华农店 | C87: 私教 | D87: 李超 | E87: 在职 | F87: 21381.418 | G87: 0 | H87: =VLOOKUP(D87,'4月'!D:H,5,FALSE) -> 359.84 | I87: =VLOOKUP(D87,'4月'!D:I,6,FALSE) -> 96.96 | J87: =VLOOKUP(D87,'4月'!D:J,7,FALSE) -> 13.49 | K87: =VLOOKUP(A87,'4月'!A:K,11,FALSE) -> 武汉山道 | L87: =VLOOKUP(A87,'4月'!A:L,12,FALSE) -> 420106198710140058 | M87: =VLOOKUP(A87,'4月'!A:M,13,FALSE) -> 13667230900 | N87: 0 | P87: =VLOOKUP(D87,'[8]26.4'!$B:$H,7,FALSE) -> 470.29 | Q87: =G87-N87 -> 0
A88: 华农店杨显川 | B88: 华农店 | C88: 私教 | D88: 杨显川 | E88: 在职 | F88: 9307.0423 | G88: 0 | H88: =VLOOKUP(D88,'4月'!D:H,5,FALSE) -> 359.84 | I88: =VLOOKUP(D88,'4月'!D:I,6,FALSE) -> 96.96 | J88: =VLOOKUP(D88,'4月'!D:J,7,FALSE) -> 13.49 | K88: =VLOOKUP(A88,'4月'!A:K,11,FALSE) -> 南湖 | L88: =VLOOKUP(A88,'4月'!A:L,12,FALSE) -> 420984199910052017 | M88: =VLOOKUP(A88,'4月'!A:M,13,FALSE) -> 17671720251 | N88: 0 | P88: =VLOOKUP(D88,'[8]26.4'!$B:$H,7,FALSE) -> 470.29 | Q88: =G88-N88 -> 0
A89: 华农店项志辉 | B89: 华农店 | C89: 私教 | D89: 项志辉 | E89: 在职 | F89: 151.2 | G89: 0 | K89: 南湖 | L89: =VLOOKUP(A89,[6]在职名单!$D:$AF,29,FALSE) -> 421123200109040053 | M89: =VLOOKUP(A89,[6]在职名单!$D:$AK,34,FALSE) -> 13277145672 | N89: 0 | Q89: =G89-N89 -> 0
A90: 华农店徐家乐 | B90: 华农店 | C90: 泳教 | D90: 徐家乐 | E90: 在职 | F90: 16333.26 | G90: 0 | H90: =VLOOKUP(D90,'4月'!D:H,5,FALSE) -> 359.84 | I90: =VLOOKUP(D90,'4月'!D:I,6,FALSE) -> 96.96 | J90: =VLOOKUP(D90,'4月'!D:J,7,FALSE) -> 13.49 | K90: =VLOOKUP(A90,'4月'!A:K,11,FALSE) -> 南湖 | L90: =VLOOKUP(A90,'4月'!A:L,12,FALSE) -> 341203200101121916 | M90: =VLOOKUP(A90,'4月'!A:M,13,FALSE) -> 17328453872 | N90: 0 | P90: =VLOOKUP(D90,'[8]26.4'!$B:$H,7,FALSE) -> 470.29 | Q90: =G90-N90 -> 0
A91: 华农店徐亮 | B91: 华农店 | C91: 泳教 | D91: 徐亮 | E91: 在职 | F91: 8165.65 | G91: 0 | K91: =VLOOKUP(A91,'4月'!A:K,11,FALSE) -> 南湖 | L91: =VLOOKUP(A91,'4月'!A:L,12,FALSE) -> 421125200202193356 | M91: =VLOOKUP(A91,'4月'!A:M,13,FALSE) -> 18140671940 | N91: 0 | Q91: =G91-N91 -> 0
A92: 华农店占祺丹 | B92: 华农店 | C92: 泳教 | D92: 占祺丹 | E92: 在职 | F92: 4503.92 | G92: 0 | K92: =VLOOKUP(A92,'4月'!A:K,11,FALSE) -> 南湖 | L92: =VLOOKUP(A92,'4月'!A:L,12,FALSE) -> 421126200405015433 | M92: =VLOOKUP(A92,'4月'!A:M,13,FALSE) -> 13117073577 | N92: 0 | Q92: =G92-N92 -> 0
A93: 华农店韩永虎 | B93: 华农店 | C93: 救生员 | D93: 韩永虎 | E93: 在职 | F93: 414.81 | G93: 0 | K93: 鑫镒百货 | L93: =VLOOKUP(A93,[6]在职名单!$D:$AF,29,FALSE) -> 422727196507245337 | M93: =VLOOKUP(A93,[6]在职名单!$D:$AK,34,FALSE) -> 13872527441 | Q93: =G93-N93 -> 0
A94: 荆州店李浩 | B94: 荆州店 | C94: 店长 | D94: 李浩 | E94: 在职 | F94: 16452.779 | G94: 229.43 | H94: 438.16 | I94: 0 | J94: 0 | K94: =VLOOKUP(A94,'4月'!A:K,11,FALSE) -> 荆州分公司 | L94: =VLOOKUP(A94,'4月'!A:L,12,FALSE) -> 421022198908087833 | M94: =VLOOKUP(A94,'4月'!A:M,13,FALSE) -> 13545649629 | N94: 202.18 | P94: =VLOOKUP(D94,[9]个人所得税扣缴申报表!$B$1:$H$65536,9,FALSE) -> #REF! | Q94: =G94-N94 -> 27.25
A95: 荆州店何艳艳 | B95: 荆州店 | C95: 运营主管 | D95: 何艳艳 | E95: 在职 | F95: 4390 | G95: 0 | K95: =VLOOKUP(A95,'4月'!A:K,11,FALSE) -> 荆州分公司 | L95: =VLOOKUP(A95,'4月'!A:L,12,FALSE) -> 420822198510106881 | M95: =VLOOKUP(A95,'4月'!A:M,13,FALSE) -> 13437220258 | N95: 0 | P95: =VLOOKUP(D95,[9]个人所得税扣缴申报表!$B$1:$H$65536,9,FALSE) -> #REF! | Q95: =G95-N95 -> 0
A96: 荆州店索生露 | B96: 荆州店 | C96: 前台 | D96: 索生露 | E96: 在职 | F96: 2785 | G96: 0 | K96: =VLOOKUP(A96,'4月'!A:K,11,FALSE) -> 朝晖人力 | L96: =VLOOKUP(A96,'4月'!A:L,12,FALSE) -> 421003200202101024 | M96: =VLOOKUP(A96,'4月'!A:M,13,FALSE) -> 19530522062 | N96: 0 | Q96: =G96-N96 -> 0
A97: 荆州店刘保玲 | B97: 荆州店 | C97: 保洁 | D97: 刘保玲 | E97: 在职 | F97: 2700 | G97: 0 | K97: =VLOOKUP(A97,'4月'!A:K,11,FALSE) -> 荆州分公司 | L97: =VLOOKUP(A97,'4月'!A:L,12,FALSE) -> 422421196602075845 | M97: =VLOOKUP(A97,'4月'!A:M,13,FALSE) -> 18672370860 | N97: 0 | P97: =VLOOKUP(D97,[9]个人所得税扣缴申报表!$B$1:$H$65536,9,FALSE) -> #REF! | Q97: =G97-N97 -> 0
A98: 荆州店崔青梅 | B98: 荆州店 | C98: 保洁 | D98: 崔青梅 | E98: 在职 | F98: 2500 | G98: 0 | K98: =VLOOKUP(A98,'4月'!A:K,11,FALSE) -> 朝晖人力 | L98: =VLOOKUP(A98,'4月'!A:L,12,FALSE) -> 422421195612131826 | M98: =VLOOKUP(A98,'4月'!A:M,13,FALSE) -> 18607218817 | N98: 0 | Q98: =G98-N98 -> 0
A99: 荆州店余波 | B99: 荆州店 | C99: 会籍主管 | D99: 余波 | E99: 在职 | F99: 10126.165 | G99: 0 | K99: =VLOOKUP(A99,'4月'!A:K,11,FALSE) -> 荆州分公司 | L99: =VLOOKUP(A99,'4月'!A:L,12,FALSE) -> 420322200102122711 | M99: =VLOOKUP(A99,'4月'!A:M,13,FALSE) -> 19537490212 | N99: 0 | P99: =VLOOKUP(D99,[9]个人所得税扣缴申报表!$B$1:$H$65536,9,FALSE) -> #REF! | Q99: =G99-N99 -> 0
A100: 荆州店周晓霞 | B100: 荆州店 | C100: 会籍 | D100: 周晓霞 | E100: 在职 | F100: 17972.342 | G100: 98.31 | K100: =VLOOKUP(A100,'4月'!A:K,11,FALSE) -> 荆州分公司 | L100: =VLOOKUP(A100,'4月'!A:L,12,FALSE) -> 420527199309172609 | M100: =VLOOKUP(A100,'4月'!A:M,13,FALSE) -> 13767993203 | N100: 230.31 | P100: =VLOOKUP(D100,[9]个人所得税扣缴申报表!$B$1:$H$65536,9,FALSE) -> #REF! | Q100: =G100-N100 -> -132
...

Sheet 6月
A1: 门店+姓名 | B1: 门店 | C1: 岗位 | D1: 姓名 | E1: 员工状态 | F1: 报税工资 | G1: 个税 | H1: 基本养老保险费 | I1: 基本医疗保险费 | J1: 失业保险费 | K1: 分公司 | L1: 身份证号 | M1: 联系方式 | N1: 实际个税 | O1: 备注 | Q1: 差额 | S1: 差额1
D2: 刘甜甜 | F2: 17000 | G2: 1024.2 | H2: 1360 | I2: 347 | J2: 51 | K2: 武汉山道 | L2: 420684198505276040 | N2: 1024.2 | Q2: =G2-N2 -> 0
D3: 杨艳 | F3: 2000 | H3: 359.84 | I3: 96.96 | J3: 13.49 | K3: 武汉山道 | L3: 420623198201201047 | N3: 0 | Q3: =G3-N3 -> 0
D4: 刘建斌 | F4: 17000 | G4: 1024.2 | H4: 1360 | I4: 347 | J4: 51 | K4: 武汉山道 | L4: 420684198402276056 | M4: 15927000009 | N4: 1024.2 | Q4: =G4-N4 -> 0
A5: 蚌埠吾悦店王格 | B5: 蚌埠吾悦店 | C5: 前台 | D5: 王格 | E5: 在职 | F5: 4000 | G5: 0 | K5: =VLOOKUP(A5,'5月'!A:K,11,FALSE) -> 朝晖人力 | L5: =VLOOKUP(A5,'5月'!A:L,12,FALSE) -> 340322200502054623 | M5: =VLOOKUP(A5,'5月'!A:M,13,FALSE) -> 15375468652 | N5: =VLOOKUP(D5,[11]个人所得税扣缴申报表!$B$1:$L$65536,11,FALSE) -> 0 | Q5: =G5-N5 -> 0
A6: 蚌埠吾悦店孙颖 | B6: 蚌埠吾悦店 | C6: 前台 | D6: 孙颖 | E6: 在职 | F6: 2460 | G6: 0 | K6: =VLOOKUP(A6,'5月'!A:K,11,FALSE) -> 朝晖人力 | L6: =VLOOKUP(A6,'5月'!A:L,12,FALSE) -> 340321200212088263 | M6: =VLOOKUP(A6,'5月'!A:M,13,FALSE) -> 13155218936 | N6: =VLOOKUP(D6,[11]个人所得税扣缴申报表!$B$1:$L$65536,11,FALSE) -> 0 | Q6: =G6-N6 -> 0
A7: 蚌埠吾悦店赵红 | B7: 蚌埠吾悦店 | C7: 保洁 | D7: 赵红 | E7: 在职 | F7: 2375 | G7: 0 | K7: =VLOOKUP(A7,'5月'!A:K,11,FALSE) -> 朝晖人力 | L7: =VLOOKUP(A7,'5月'!A:L,12,FALSE) -> 340302197012310428 | M7: =VLOOKUP(A7,'5月'!A:M,13,FALSE) -> 16655298121 | N7: =VLOOKUP(D7,[11]个人所得税扣缴申报表!$B$1:$L$65536,11,FALSE) -> 0 | Q7: =G7-N7 -> 0
A8: 蚌埠吾悦店陆春亮 | B8: 蚌埠吾悦店 | C8: 保洁 | D8: 陆春亮 | E8: 在职 | F8: 2375 | G8: 0 | K8: =VLOOKUP(A8,'5月'!A:K,11,FALSE) -> 朝晖人力 | L8: =VLOOKUP(A8,'5月'!A:L,12,FALSE) -> 340302196303260411 | M8: =VLOOKUP(A8,'5月'!A:M,13,FALSE) -> 13093664952 | N8: =VLOOKUP(D8,[11]个人所得税扣缴申报表!$B$1:$L$65536,11,FALSE) -> 0 | Q8: =G8-N8 -> 0
A9: 蚌埠吾悦店万小建 | B9: 蚌埠吾悦店 | C9: 会籍经理 | D9: 万小建 | E9: 在职 | F9: 6202.0295 | G9: 30.73 | K9: =VLOOKUP(A9,'5月'!A:K,11,FALSE) -> 朝晖人力 | L9: =VLOOKUP(A9,'5月'!A:L,12,FALSE) -> 340321198606010899 | M9: =VLOOKUP(A9,'5月'!A:M,13,FALSE) -> 1396528/6269 | N9: =VLOOKUP(D9,[11]个人所得税扣缴申报表!$B$1:$L$65536,11,FALSE) -> 30.73 | Q9: =G9-N9 -> 0
A10: 蚌埠吾悦店邵家文 | B10: 蚌埠吾悦店 | C10: 会籍 | D10: 邵家文 | E10: 在职 | F10: 3672.45 | G10: 0 | K10: =VLOOKUP(A10,'5月'!A:K,11,FALSE) -> 朝晖人力 | L10: =VLOOKUP(A10,'5月'!A:L,12,FALSE) -> 340321200412065031 | M10: =VLOOKUP(A10,'5月'!A:M,13,FALSE) -> 17201600134 | N10: =VLOOKUP(D10,[11]个人所得税扣缴申报表!$B$1:$L$65536,11,FALSE) -> 0 | Q10: =G10-N10 -> 0
A11: 蚌埠吾悦店赵惠春 | B11: 蚌埠吾悦店 | C11: 会籍 | D11: 赵惠春 | E11: 在职 | F11: 5050.76 | G11: 1.52 | K11: =VLOOKUP(A11,'5月'!A:K,11,FALSE) -> 朝晖人力 | L11: =VLOOKUP(A11,'5月'!A:L,12,FALSE) -> 370406200602046621 | M11: =VLOOKUP(A11,'5月'!A:M,13,FALSE) -> 19055243298 | N11: =VLOOKUP(D11,[11]个人所得税扣缴申报表!$B$1:$L$65536,11,FALSE) -> 1.52 | Q11: 0
A12: 蚌埠吾悦店刘庆康 | B12: 蚌埠吾悦店 | C12: 会籍 | D12: 刘庆康 | E12: 在职 | F12: 1514.36 | G12: 0 | K12: =VLOOKUP(A12,'5月'!A:K,11,FALSE) -> 朝晖人力 | L12: =VLOOKUP(A12,'5月'!A:L,12,FALSE) -> 340302200512121011 | M12: =VLOOKUP(A12,'5月'!A:M,13,FALSE) -> #N/A | N12: =VLOOKUP(D12,[11]个人所得税扣缴申报表!$B$1:$L$65536,11,FALSE) -> 0 | Q12: =G12-N12 -> 0
A13: 蚌埠吾悦店曹泽 | B13: 蚌埠吾悦店 | C13: 会籍 | D13: 曹泽 | E13: 在职 | F13: 1858.94 | G13: 0 | K13: 朝晖人力 | L13: =VLOOKUP(A13,[10]在职名单!$D:$AF,29,FALSE) -> 340323200404246919 | M13: =VLOOKUP(A13,[10]在职名单!$D:$AK,34,FALSE) -> 19556139314 | N13: =VLOOKUP(D13,[11]个人所得税扣缴申报表!$B$1:$L$65536,11,FALSE) -> 0 | Q13: =G13-N13 -> 0
A14: 蚌埠吾悦店栾金良 | B14: 蚌埠吾悦店 | C14: 私教经理 | D14: 栾金良 | E14: 在职 | F14: 7913.725 | G14: 87.41 | K14: =VLOOKUP(A14,'5月'!A:K,11,FALSE) -> 朝晖人力 | L14: =VLOOKUP(A14,'5月'!A:L,12,FALSE) -> 321302198506180055 | M14: =VLOOKUP(A14,'5月'!A:M,13,FALSE) -> 13815786616 | N14: =VLOOKUP(D14,[11]个人所得税扣缴申报表!$B$1:$L$65536,11,FALSE) -> 87.41 | Q14: =G14-N14 -> 0
A15: 蚌埠吾悦店曲蓝鹤 | B15: 蚌埠吾悦店 | C15: 私教 | D15: 曲蓝鹤 | E15: 在职 | F15: 4430.4903 | G15: 0 | K15: =VLOOKUP(A15,'5月'!A:K,11,FALSE) -> 朝晖人力 | L15: =VLOOKUP(A15,'5月'!A:L,12,FALSE) -> 230505199011080214 | M15: =VLOOKUP(A15,'5月'!A:M,13,FALSE) -> 17755263617 | N15: =VLOOKUP(D15,[11]个人所得税扣缴申报表!$B$1:$L$65536,11,FALSE) -> 0 | Q15: =G15-N15 -> 0
A16: 蚌埠吾悦店蒋维月 | B16: 蚌埠吾悦店 | C16: 私教 | D16: 蒋维月 | E16: 在职 | F16: 1643.1468 | G16: 0 | K16: =VLOOKUP(A16,'5月'!A:K,11,FALSE) -> 朝晖人力 | L16: =VLOOKUP(A16,'5月'!A:L,12,FALSE) -> 340322200712043869 | M16: =VLOOKUP(A16,'5月'!A:M,13,FALSE) -> 18714837986 | N16: =VLOOKUP(D16,[11]个人所得税扣缴申报表!$B$1:$L$65536,11,FALSE) -> 0 | Q16: =G16-N16 -> 0
A17: 蚌埠吾悦店林康 | B17: 蚌埠吾悦店 | C17: 泳教主管 | D17: 林康 | E17: 在职 | F17: 6644.631 | G17: 0 | K17: =VLOOKUP(A17,'5月'!A:K,11,FALSE) -> 朝晖人力 | L17: =VLOOKUP(A17,'5月'!A:L,12,FALSE) -> 340321200212060850 | M17: =VLOOKUP(A17,'5月'!A:M,13,FALSE) -> 15056356955 | N17: =VLOOKUP(D17,[11]个人所得税扣缴申报表!$B$1:$L$65536,11,FALSE) -> 0 | Q17: =G17-N17 -> 0
A18: 蚌埠吾悦店周凯乐 | B18: 蚌埠吾悦店 | C18: 泳教 | D18: 周凯乐 | E18: 在职 | F18: 3515.77 | G18: 0 | K18: =VLOOKUP(A18,'5月'!A:K,11,FALSE) -> 朝晖人力 | L18: =VLOOKUP(A18,'5月'!A:L,12,FALSE) -> 340321200108182495 | M18: =VLOOKUP(A18,'5月'!A:M,13,FALSE) -> 18715261682 | N18: =VLOOKUP(D18,[11]个人所得税扣缴申报表!$B$1:$L$65536,11,FALSE) -> 0 | Q18: =G18-N18 -> 0
A19: 蚌埠吾悦店李响 | B19: 蚌埠吾悦店 | C19: 泳教 | D19: 李响 | E19: 兼职 | F19: 1739.5 | G19: 0 | K19: =VLOOKUP(A19,'5月'!A:K,11,FALSE) -> 朝晖人力 | L19: =VLOOKUP(A19,'5月'!A:L,12,FALSE) -> 34030219860130002X | M19: =VLOOKUP(A19,'5月'!A:M,13,FALSE) -> #N/A | N19: =VLOOKUP(D19,[11]个人所得税扣缴申报表!$B$1:$L$65536,11,FALSE) -> 0 | Q19: =G19-N19 -> 0
A20: 蚌埠吾悦店朱家安 | B20: 蚌埠吾悦店 | C20: 泳教 | D20: 朱家安 | E20: 离职 | F20: 1300 | G20: 0 | K20: 朝晖人力 | L20: 340621200301190813 | M20: =VLOOKUP(A20,[10]在职名单!$D:$AK,34,FALSE) -> 18656140985 | N20: =VLOOKUP(D20,[11]个人所得税扣缴申报表!$B$1:$L$65536,11,FALSE) -> 0 | Q20: =G20-N20 -> 0
A21: 蚌埠吾悦店王欣悦 | B21: 蚌埠吾悦店 | C21: 泳教 | D21: 王欣悦 | E21: 在职 | F21: 800 | G21: 0 | K21: 朝晖人力 | L21: =VLOOKUP(A21,[10]在职名单!$D:$AF,29,FALSE) -> 34030220050401024x | M21: =VLOOKUP(A21,[10]在职名单!$D:$AK,34,FALSE) -> 17201602086 | N21: =VLOOKUP(D21,[11]个人所得税扣缴申报表!$B$1:$L$65536,11,FALSE) -> 0 | Q21: =G21-N21 -> 0
A22: 蚌埠银泰店张健 | B22: 蚌埠银泰店 | C22: 店长 | D22: 张健 | E22: 离职 | F22: 6693.035 | G22: 5.33 | K22: =VLOOKUP(A22,'5月'!A:K,11,FALSE) -> 朝晖人力 | L22: =VLOOKUP(A22,'5月'!A:L,12,FALSE) -> 342601199308085099 | M22: =VLOOKUP(A22,'5月'!A:M,13,FALSE) -> 18556503671 | N22: =VLOOKUP(D22,[11]个人所得税扣缴申报表!$B$1:$L$65536,11,FALSE) -> 5.33 | Q22: =G22-N22 -> 0
A23: 蚌埠银泰店彭莹莹 | B23: 蚌埠银泰店 | C23: 前台主管 | D23: 彭莹莹 | E23: 在职 | F23: 3460 | G23: 0 | K23: =VLOOKUP(A23,'5月'!A:K,11,FALSE) -> 朝晖人力 | L23: =VLOOKUP(A23,'5月'!A:L,12,FALSE) -> 34031119930320142X | M23: =VLOOKUP(A23,'5月'!A:M,13,FALSE) -> 18895657368 | N23: =VLOOKUP(D23,[11]个人所得税扣缴申报表!$B$1:$L$65536,11,FALSE) -> 0 | Q23: =G23-N23 -> 0
A24: 蚌埠银泰店王梦蝶 | B24: 蚌埠银泰店 | C24: 前台 | D24: 王梦蝶 | E24: 在职 | F24: 2660 | G24: 0 | K24: =VLOOKUP(A24,'5月'!A:K,11,FALSE) -> 朝晖人力 | L24: =VLOOKUP(A24,'5月'!A:L,12,FALSE) -> 340321199903303123 | M24: =VLOOKUP(A24,'5月'!A:M,13,FALSE) -> 15021243059 | N24: =VLOOKUP(D24,[11]个人所得税扣缴申报表!$B$1:$L$65536,11,FALSE) -> 0 | Q24: =G24-N24 -> 0
A25: 蚌埠银泰店李桂华 | B25: 蚌埠银泰店 | C25: 保洁 | D25: 李桂华 | E25: 在职 | F25: 2450 | G25: 0 | K25: =VLOOKUP(A25,'5月'!A:K,11,FALSE) -> 朝晖人力 | L25: =VLOOKUP(A25,'5月'!A:L,12,FALSE) -> 340123196511187707 | M25: =VLOOKUP(A25,'5月'!A:M,13,FALSE) -> 17705522172 | N25: =VLOOKUP(D25,[11]个人所得税扣缴申报表!$B$1:$L$65536,11,FALSE) -> 0 | Q25: =G25-N25 -> 0
A26: 蚌埠银泰店王良顺 | B26: 蚌埠银泰店 | C26: 保洁 | D26: 王良顺 | E26: 离职 | F26: 2325 | G26: 0 | K26: =VLOOKUP(A26,'5月'!A:K,11,FALSE) -> 朝晖人力 | L26: =VLOOKUP(A26,'5月'!A:L,12,FALSE) -> 340301196210230030 | M26: =VLOOKUP(A26,'5月'!A:M,13,FALSE) -> 13965298264 | N26: =VLOOKUP(D26,[11]个人所得税扣缴申报表!$B$1:$L$65536,11,FALSE) -> 0 | Q26: =G26-N26 -> 0
A27: 蚌埠银泰店史玲娟 | B27: 蚌埠银泰店 | C27: 会籍 | D27: 史玲娟 | E27: 在职 | F27: 4987.86 | G27: 0 | K27: =VLOOKUP(A27,'5月'!A:K,11,FALSE) -> 朝晖人力 | L27: =VLOOKUP(A27,'5月'!A:L,12,FALSE) -> 340323200311216227 | M27: =VLOOKUP(A27,'5月'!A:M,13,FALSE) -> 15755212422 | N27: =VLOOKUP(D27,[11]个人所得税扣缴申报表!$B$1:$L$65536,11,FALSE) -> 0 | Q27: =G27-N27 -> 0
A28: 蚌埠银泰店张鑫杰 | B28: 蚌埠银泰店 | C28: 会籍 | D28: 张鑫杰 | E28: 离职 | F28: 2461.5 | G28: 0 | K28: 朝晖人力 | L28: =VLOOKUP(A28,[10]在职名单!$D:$AF,29,FALSE) -> 410221200502176512 | M28: =VLOOKUP(A28,[10]在职名单!$D:$AK,34,FALSE) -> 18836866156 | N28: =VLOOKUP(D28,[11]个人所得税扣缴申报表!$B$1:$L$65536,11,FALSE) -> 0 | Q28: =G28-N28 -> 0
A29: 蚌埠银泰店孙齐云 | B29: 蚌埠银泰店 | C29: 私教经理 | D29: 孙齐云 | E29: 在职 | F29: 8207.0795 | G29: 96.22 | K29: =VLOOKUP(A29,'5月'!A:K,11,FALSE) -> 朝晖人力 | L29: =VLOOKUP(A29,'5月'!A:L,12,FALSE) -> 342626199407204919 | M29: =VLOOKUP(A29,'5月'!A:M,13,FALSE) -> 13851536096 | N29: =VLOOKUP(D29,[11]个人所得税扣缴申报表!$B$1:$L$65536,11,FALSE) -> 96.22 | Q29: =G29-N29 -> 0
A30: 蚌埠银泰店李可 | B30: 蚌埠银泰店 | C30: 私教 | D30: 李可 | E30: 在职 | F30: 3943.4178 | G30: 0 | K30: =VLOOKUP(A30,'5月'!A:K,11,FALSE) -> 朝晖人力 | L30: =VLOOKUP(A30,'5月'!A:L,12,FALSE) -> 340404200104240028 | M30: =VLOOKUP(A30,'5月'!A:M,13,FALSE) -> 18055464203 | N30: =VLOOKUP(D30,[11]个人所得税扣缴申报表!$B$1:$L$65536,11,FALSE) -> 0 | Q30: =G30-N30 -> 0
A31: 蚌埠银泰店黄顺顺 | B31: 蚌埠银泰店 | C31: 私教 | D31: 黄顺顺 | E31: 在职 | F31: 3142.562 | G31: 0 | K31: =VLOOKUP(A31,'5月'!A:K,11,FALSE) -> 朝晖人力 | L31: =VLOOKUP(A31,'5月'!A:L,12,FALSE) -> 340311200308301214 | M31: =VLOOKUP(A31,'5月'!A:M,13,FALSE) -> 18101221171 | N31: =VLOOKUP(D31,[11]个人所得税扣缴申报表!$B$1:$L$65536,11,FALSE) -> 0 | Q31: =G31-N31 -> 0
A32: 蚌埠银泰店顾帅帅 | B32: 蚌埠银泰店 | C32: 私教 | D32: 顾帅帅 | E32: 离职 | F32: 820.28571 | G32: 0 | K32: =VLOOKUP(A32,'5月'!A:K,11,FALSE) -> 朝晖人力 | L32: =VLOOKUP(A32,'5月'!A:L,12,FALSE) -> 340321200507210836 | M32: =VLOOKUP(A32,'5月'!A:M,13,FALSE) -> 15556190914 | N32: =VLOOKUP(D32,[11]个人所得税扣缴申报表!$B$1:$L$65536,11,FALSE) -> 0 | Q32: =G32-N32 -> 0
A33: 蚌埠银泰店谢震威 | B33: 蚌埠银泰店 | C33: 泳教主管 | D33: 谢震威 | E33: 在职 | F33: 4671.98 | G33: 0 | K33: =VLOOKUP(A33,'5月'!A:K,11,FALSE) -> 朝晖人力 | L33: =VLOOKUP(A33,'5月'!A:L,12,FALSE) -> 340621199808143236 | M33: =VLOOKUP(A33,'5月'!A:M,13,FALSE) -> 15756166520 | N33: =VLOOKUP(D33,[11]个人所得税扣缴申报表!$B$1:$L$65536,11,FALSE) -> 0 | Q33: =G33-N33 -> 0
A34: 蚌埠银泰店张建成 | B34: 蚌埠银泰店 | C34: 泳教 | D34: 张建成 | E34: 在职 | F34: 2160 | G34: 0 | K34: =VLOOKUP(A34,'5月'!A:K,11,FALSE) -> 朝晖人力 | L34: =VLOOKUP(A34,'5月'!A:L,12,FALSE) -> 340323199705206253 | M34: =VLOOKUP(A34,'5月'!A:M,13,FALSE) -> 15155203756 | N34: =VLOOKUP(D34,[11]个人所得税扣缴申报表!$B$1:$L$65536,11,FALSE) -> 0 | Q34: =G34-N34 -> 0
A35: 蚌埠银泰店马涵 | B35: 蚌埠银泰店 | C35: 泳教 | D35: 马涵 | E35: 离职 | F35: 3288.5 | G35: 0 | K35: =VLOOKUP(A35,'5月'!A:K,11,FALSE) -> 朝晖人力 | L35: =VLOOKUP(A35,'5月'!A:L,12,FALSE) -> 340322200402200814 | M35: =VLOOKUP(A35,'5月'!A:M,13,FALSE) -> 18160811362 | N35: =VLOOKUP(D35,[11]个人所得税扣缴申报表!$B$1:$L$65536,11,FALSE) -> 0 | Q35: =G35-N35 -> 0
A36: 蚌埠银泰店高传宏 | B36: 蚌埠银泰店 | C36: 救生员 | D36: 高传宏 | E36: 在职 | F36: 2500 | G36: 0 | K36: =VLOOKUP(A36,'5月'!A:K,11,FALSE) -> 朝晖人力 | L36: =VLOOKUP(A36,'5月'!A:L,12,FALSE) -> 340304196904170633 | M36: =VLOOKUP(A36,'5月'!A:M,13,FALSE) -> 13295524310 | N36: =VLOOKUP(D36,[11]个人所得税扣缴申报表!$B$1:$L$65536,11,FALSE) -> 0 | Q36: =G36-N36 -> 0
A37: 阜阳店方金 | B37: 阜阳店 | C37: 会籍经理 | D37: 方金 | E37: 离职 | F37: 30923.98 | G37: 777.72 | K37: =VLOOKUP(A37,'5月'!A:K,11,FALSE) -> 朝晖人力 | L37: =VLOOKUP(A37,'5月'!A:L,12,FALSE) -> 421123199101041611 | M37: =VLOOKUP(A37,'5月'!A:M,13,FALSE) -> 13971105121 | N37: =VLOOKUP(D37,[11]个人所得税扣缴申报表!$B$1:$L$65536,11,FALSE) -> 777.72 | Q37: =G37-N37 -> 0
A38: 阜阳店沈世贤 | B38: 阜阳店 | C38: 会籍 | D38: 沈世贤 | E38: 在职 | F38: 4209.832 | G38: 0 | K38: =VLOOKUP(A38,'5月'!A:K,11,FALSE) -> 朝晖人力 | L38: =VLOOKUP(A38,'5月'!A:L,12,FALSE) -> 421023200601050418 | M38: =VLOOKUP(A38,'5月'!A:M,13,FALSE) -> 18086360195 | N38: =VLOOKUP(D38,[11]个人所得税扣缴申报表!$B$1:$L$65536,11,FALSE) -> 0 | Q38: =G38-N38 -> 0
A39: 阜阳店柯基银 | B39: 阜阳店 | C39: 会籍 | D39: 柯基银 | E39: 在职 | F39: 3661.5 | G39: 0 | K39: =VLOOKUP(A39,'5月'!A:K,11,FALSE) -> 朝晖人力 | L39: =VLOOKUP(A39,'5月'!A:L,12,FALSE) -> 420324200412162754 | M39: =VLOOKUP(A39,'5月'!A:M,13,FALSE) -> 19217264103 | N39: =VLOOKUP(D39,[11]个人所得税扣缴申报表!$B$1:$L$65536,11,FALSE) -> 0 | Q39: =G39-N39 -> 0
A40: 阜阳店陈明涛 | B40: 阜阳店 | C40: 会籍主管 | D40: 陈明涛 | E40: 离职 | F40: 32341.071 | G40: 775.23 | K40: =VLOOKUP(A40,'5月'!A:K,11,FALSE) -> 朝晖人力 | L40: =VLOOKUP(A40,'5月'!A:L,12,FALSE) -> 362321199901181017 | M40: =VLOOKUP(A40,'5月'!A:M,13,FALSE) -> 18770386906 | N40: =VLOOKUP(D40,[11]个人所得税扣缴申报表!$B$1:$L$65536,11,FALSE) -> 775.23 | Q40: =G40-N40 -> 0
... A59: 阜阳店成世奇 | B59: 阜阳店 | C59: 会籍 | D59: 成世奇 | E59: 在职 | F59: 4740.54 | G59: 0 | K59: =VLOOKUP(A59,'5月'!A:K,11,FALSE) -> 朝晖人力 | L59: =VLOOKUP(A59,'5月'!A:L,12,FALSE) -> 421224199604135531 | M59: =VLOOKUP(A59,'5月'!A:M,13,FALSE) -> 19571261008 | N59: =VLOOKUP(D59,[11]个人所得税扣缴申报表!$B$1:$L$65536,11,FALSE) -> 0 | Q59: =G59-N59 -> 0
A60: =B60&D60 -> 阜阳宝龙店王浩 | B60: 阜阳宝龙店 | C60: 会籍 | D60: 王浩 | E60: 离职 | F60: 1656 | G60: 0 | K60: 朝晖人力 | Q60: =G60-N60 -> 0
A61: =B61&D61 -> 阜阳宝龙店王亳文 | B61: 阜阳宝龙店 | C61: 会籍 | D61: 王亳文 | E61: 离职 | F61: 1748 | G61: 0 | K61: 朝晖人力 | Q61: =G61-N61 -> 0
A62: =B62&D62 -> 阜阳宝龙店吴昌远 | B62: 阜阳宝龙店 | C62: 私教经理 | D62: 吴昌远 | E62: 在职 | F62: 2493.9 | G62: 0 | K62: 朝晖人力 | L62: =VLOOKUP(A62,[10]在职名单!$D:$AF,29,FALSE) -> 422326199803296716 | M62: =VLOOKUP(A62,[10]在职名单!$D:$AK,34,FALSE) -> 18671502816 | N62: =VLOOKUP(D62,[11]个人所得税扣缴申报表!$B$1:$L$65536,11,FALSE) -> 0 | Q62: =G62-N62 -> 0
A63: =B63&D63 -> 阜阳宝龙店郝军强 | B63: 阜阳宝龙店 | C63: 私教 | D63: 郝军强 | E63: 在职 | F63: 863.1 | G63: 0 | K63: 朝晖人力 | L63: =VLOOKUP(A63,[10]在职名单!$D:$AF,29,FALSE) -> 341202200211202112 | M63: =VLOOKUP(A63,[10]在职名单!$D:$AK,34,FALSE) -> 19156819448 | N63: =VLOOKUP(D63,[11]个人所得税扣缴申报表!$B$1:$L$65536,11,FALSE) -> 0 | Q63: =G63-N63 -> 0
A64: =B64&D64 -> 阜阳宝龙店李想龙 | B64: 阜阳宝龙店 | C64: 私教 | D64: 李想龙 | E64: 在职 | F64: 873.9 | G64: 0 | K64: 朝晖人力 | L64: =VLOOKUP(A64,[10]在职名单!$D:$AF,29,FALSE) -> 341203200011112215 | M64: =VLOOKUP(A64,[10]在职名单!$D:$AK,34,FALSE) -> 18368460520 | N64: =VLOOKUP(D64,[11]个人所得税扣缴申报表!$B$1:$L$65536,11,FALSE) -> 0 | Q64: =G64-N64 -> 0
A65: =B65&D65 -> 阜阳宝龙店汤文霞 | B65: 阜阳宝龙店 | C65: 私教 | D65: 汤文霞 | E65: 在职 | F65: 201.6 | G65: 0 | K65: 朝晖人力 | L65: =VLOOKUP(A65,[10]在职名单!$D:$AF,29,FALSE) -> 412727199405131242 | M65: =VLOOKUP(A65,[10]在职名单!$D:$AK,34,FALSE) -> 15856889121 | N65: =VLOOKUP(D65,[11]个人所得税扣缴申报表!$B$1:$L$65536,11,FALSE) -> 0 | Q65: =G65-N65 -> 0
A66: 阜阳店徐欢欢 | B66: 阜阳店 | C66: 前台 | D66: 徐欢欢 | E66: 在职 | F66: 2500 | G66: 0 | K66: =VLOOKUP(A66,'5月'!A:K,11,FALSE) -> 朝晖人力 | L66: =VLOOKUP(A66,'5月'!A:L,12,FALSE) -> 341221200307207320 | M66: =VLOOKUP(A66,'5月'!A:M,13,FALSE) -> 18368091893 | N66: =VLOOKUP(D66,[11]个人所得税扣缴申报表!$B$1:$L$65536,11,FALSE) -> 0 | Q66: =G66-N66 -> 0
A67: 阜阳店贾琳 | B67: 阜阳店 | C67: 前台 | D67: 贾琳 | E67: 在职 | F67: 2700 | G67: 0 | K67: =VLOOKUP(A67,'5月'!A:K,11,FALSE) -> 朝晖人力 | L67: =VLOOKUP(A67,'5月'!A:L,12,FALSE) -> 341281198912214648 | M67: =VLOOKUP(A67,'5月'!A:M,13,FALSE) -> 15077918851 | N67: =VLOOKUP(D67,[11]个人所得税扣缴申报表!$B$1:$L$65536,11,FALSE) -> 0 | Q67: =G67-N67 -> 0
A68: =B68&D68 -> 阜阳宝龙店郭艳芳 | B68: 阜阳宝龙店 | C68: 保洁 | D68: 郭艳芳 | E68: 在职 | F68: 1300 | G68: 0 | K68: 不报 | Q68: =G68-N68 -> 0
A69: =B69&D69 -> 阜阳宝龙店杨华 | B69: 阜阳宝龙店 | C69: 保洁 | D69: 杨华 | E69: 在职 | F69: 1100 | G69: 0 | K69: 不报 | Q69: =G69-N69 -> 0
A70: 淮北吾悦店欧林雨 | B70: 淮北吾悦店 | C70: 前台主管 | D70: 欧林雨 | E70: 在职 | F70: 5070.398 | G70: 0 | K70: =VLOOKUP(A70,'5月'!A:K,11,FALSE) -> 朝晖人力 | L70: =VLOOKUP(A70,'5月'!A:L,12,FALSE) -> 342222200201195824 | M70: =VLOOKUP(A70,'5月'!A:M,13,FALSE) -> 19856101932 | N70: =VLOOKUP(D70,[11]个人所得税扣缴申报表!$B$1:$L$65536,11,FALSE) -> 0 | Q70: =G70-N70 -> 0
A71: 淮北吾悦店王紫妍 | B71: 淮北吾悦店 | C71: 前台 | D71: 王紫妍 | E71: 在职 | F71: 3451.774 | G71: 0 | K71: =VLOOKUP(A71,'5月'!A:K,11,FALSE) -> 朝晖人力 | L71: =VLOOKUP(A71,'5月'!A:L,12,FALSE) -> 340602200312120424 | M71: =VLOOKUP(A71,'5月'!A:M,13,FALSE) -> 17756143344 | N71: =VLOOKUP(D71,[11]个人所得税扣缴申报表!$B$1:$L$65536,11,FALSE) -> 0 | Q71: =G71-N71 -> 0
A72: 淮北吾悦店高泉 | B72: 淮北吾悦店 | C72: 保洁 | D72: 高泉 | E72: 在职 | F72: 2575 | G72: 0 | K72: =VLOOKUP(A72,'5月'!A:K,11,FALSE) -> 朝晖人力 | L72: =VLOOKUP(A72,'5月'!A:L,12,FALSE) -> 342123196308128893 | M72: =VLOOKUP(A72,'5月'!A:M,13,FALSE) -> 15156191196 | N72: =VLOOKUP(D72,[11]个人所得税扣缴申报表!$B$1:$L$65536,11,FALSE) -> 0 | Q72: =G72-N72 -> 0
A73: 淮北吾悦店韩召君 | B73: 淮北吾悦店 | C73: 会籍经理 | D73: 韩召君 | E73: 在职 | F73: 4388.71 | G73: 0 | K73: =VLOOKUP(A73,'5月'!A:K,11,FALSE) -> 朝晖人力 | L73: =VLOOKUP(A73,'5月'!A:L,12,FALSE) -> 342201198506070414 | M73: =VLOOKUP(A73,'5月'!A:M,13,FALSE) -> 13955704373 | N73: =VLOOKUP(D73,[11]个人所得税扣缴申报表!$B$1:$L$65536,11,FALSE) -> 0 | Q73: =G73-N73 -> 0
A74: 淮北吾悦店王志鹏 | B74: 淮北吾悦店 | C74: 私教 | D74: 王志鹏 | E74: 在职 | F74: 6800.3946 | G74: 0 | K74: =VLOOKUP(A74,'5月'!A:K,11,FALSE) -> 朝晖人力 | L74: =VLOOKUP(A74,'5月'!A:L,12,FALSE) -> 340123200211201676 | M74: =VLOOKUP(A74,'5月'!A:M,13,FALSE) -> 18955104181 | N74: =VLOOKUP(D74,[11]个人所得税扣缴申报表!$B$1:$L$65536,11,FALSE) -> 0 | Q74: =G74-N74 -> 0
A75: 淮北吾悦店陈赛 | B75: 淮北吾悦店 | C75: 泳教 | D75: 陈赛 | E75: 在职 | F75: 2011.5 | G75: 0 | K75: =VLOOKUP(A75,'5月'!A:K,11,FALSE) -> 朝晖人力 | L75: =VLOOKUP(A75,'5月'!A:L,12,FALSE) -> 340621200602032819 | M75: =VLOOKUP(A75,'5月'!A:M,13,FALSE) -> 17356127536 | N75: =VLOOKUP(D75,[11]个人所得税扣缴申报表!$B$1:$L$65536,11,FALSE) -> 0 | Q75: =G75-N75 -> 0
A76: 淮南吾悦店周涛 | B76: 淮南吾悦店 | C76: 区域总 | D76: 周涛 | E76: 在职 | F76: 11977.106 | G76: 650.68 | H76: =VLOOKUP(A76,'5月'!A:H,8,FALSE) -> 359.84 | I76: =VLOOKUP(A76,'5月'!A:I,9,FALSE) -> 96.96 | J76: =VLOOKUP(A76,'5月'!A:J,10,FALSE) -> 13.49 | K76: =VLOOKUP(A76,'5月'!A:K,11,FALSE) -> 武汉山道 | L76: =VLOOKUP(A76,'5月'!A:L,12,FALSE) -> 421125198511060012 | M76: =VLOOKUP(A76,'5月'!A:M,13,FALSE) -> 15927100269 | N76: 650.68 | Q76: =G76-N76 -> 0
A77: 淮南吾悦店刘瑞斌 | B77: 淮南吾悦店 | C77: 店长 | D77: 刘瑞斌 | E77: 在职 | F77: 8116.7077 | G77: 0 | H77: =VLOOKUP(A77,'5月'!A:H,8,FALSE) -> 359.84 | I77: =VLOOKUP(A77,'5月'!A:I,9,FALSE) -> 96.96 | J77: =VLOOKUP(A77,'5月'!A:J,10,FALSE) -> 13.49 | K77: 不报 | L77: 不报 | M77: 不报 | N77: 不报
A78: 淮南吾悦店刘徐晴 | B78: 淮南吾悦店 | C78: 前台主管 | D78: 刘徐晴 | E78: 在职 | F78: 3010.7 | G78: 0 | K78: =VLOOKUP(A78,'5月'!A:K,11,FALSE) -> 朝晖人力 | L78: =VLOOKUP(A78,'5月'!A:L,12,FALSE) -> 340406199205233043 | M78: =VLOOKUP(A78,'5月'!A:M,13,FALSE) -> 17730160242 | N78: =VLOOKUP(D78,[11]个人所得税扣缴申报表!$B$1:$L$65536,11,FALSE) -> 0 | Q78: =G78-N78 -> 0
A79: 淮南吾悦店张晓冬 | B79: 淮南吾悦店 | C79: 前台 | D79: 张晓冬 | E79: 在职 | F79: 3171.95 | G79: 0 | K79: =VLOOKUP(A79,'5月'!A:K,11,FALSE) -> 朝晖人力 | L79: =VLOOKUP(A79,'5月'!A:L,12,FALSE) -> 42282519991003064X | M79: =VLOOKUP(A79,'5月'!A:M,13,FALSE) -> 15623356005 | N79: =VLOOKUP(D79,[11]个人所得税扣缴申报表!$B$1:$L$65536,11,FALSE) -> 0 | Q79: =G79-N79 -> 0
A80: 淮南吾悦店林丽 | B80: 淮南吾悦店 | C80: 保洁 | D80: 林丽 | E80: 在职 | F80: 2375 | G80: 0 | K80: =VLOOKUP(A80,'5月'!A:K,11,FALSE) -> 朝晖人力 | L80: =VLOOKUP(A80,'5月'!A:L,12,FALSE) -> 340406197002032242 | M80: =VLOOKUP(A80,'5月'!A:M,13,FALSE) -> 19855485653 | N80: =VLOOKUP(D80,[11]个人所得税扣缴申报表!$B$1:$L$65536,11,FALSE) -> 0 | Q80: =G80-N80 -> 0
A81: 淮南吾悦店许邦元 | B81: 淮南吾悦店 | C81: 保洁 | D81: 许邦元 | E81: 在职 | F81: 2375 | G81: 0 | K81: =VLOOKUP(A81,'5月'!A:K,11,FALSE) -> 朝晖人力 | L81: =VLOOKUP(A81,'5月'!A:L,12,FALSE) -> 340402196002250012 | M81: =VLOOKUP(A81,'5月'!A:M,13,FALSE) -> 15755400059 | N81: =VLOOKUP(D81,[11]个人所得税扣缴申报表!$B$1:$L$65536,11,FALSE) -> 0 | Q81: =G81-N81 -> 0
A82: 淮南吾悦店焦家喻 | B82: 淮南吾悦店 | C82: 会籍经理 | D82: 焦家喻 | E82: 在职 | F82: 6323.5496 | G82: 39.71 | K82: =VLOOKUP(A82,'5月'!A:K,11,FALSE) -> 朝晖人力 | L82: =VLOOKUP(A82,'5月'!A:L,12,FALSE) -> 422326198512295217 | M82: =VLOOKUP(A82,'5月'!A:M,13,FALSE) -> 13997538150 | N82: =VLOOKUP(D82,[11]个人所得税扣缴申报表!$B$1:$L$65536,11,FALSE) -> 39.71 | Q82: =G82-N82 -> 0
A83: 淮南吾悦店马晨晨 | B83: 淮南吾悦店 | C83: 会籍 | D83: 马晨晨 | E83: 在职 | F83: 919.106 | G83: 0 | K83: =VLOOKUP(A83,'5月'!A:K,11,FALSE) -> 朝晖人力 | L83: =VLOOKUP(A83,'5月'!A:L,12,FALSE) -> 340405199309040047 | M83: =VLOOKUP(A83,'5月'!A:M,13,FALSE) -> 16605542692 | N83: =VLOOKUP(D83,[11]个人所得税扣缴申报表!$B$1:$L$65536,11,FALSE) -> 0 | Q83: =G83-N83 -> 0
A84: 淮南吾悦店许子恒 | B84: 淮南吾悦店 | C84: 会籍 | D84: 许子恒 | E84: 离职 | F84: 2187.6805 | G84: 0 | K84: =VLOOKUP(A84,'5月'!A:K,11,FALSE) -> 朝晖人力 | L84: =VLOOKUP(A84,'5月'!A:L,12,FALSE) -> 340602200912112831 | M84: =VLOOKUP(A84,'5月'!A:M,13,FALSE) -> 19955443825 | N84: =VLOOKUP(D84,[11]个人所得税扣缴申报表!$B$1:$L$65536,11,FALSE) -> 0 | Q84: =G84-N84 -> 0
A85: 淮南吾悦店刘少辉 | B85: 淮南吾悦店 | C85: 会籍 | D85: 刘少辉 | E85: 离职 | F85: 2321.7035 | G85: 0 | K85: =VLOOKUP(A85,'5月'!A:K,11,FALSE) -> 朝晖人力 | L85: =VLOOKUP(A85,'5月'!A:L,12,FALSE) -> 340406199912073018 | M85: =VLOOKUP(A85,'5月'!A:M,13,FALSE) -> 15240043745 | N85: =VLOOKUP(D85,[11]个人所得税扣缴申报表!$B$1:$L$65536,11,FALSE) -> 0 | Q85: =G85-N85 -> 0
A86: 淮南吾悦店孟祥 | B86: 淮南吾悦店 | C86: 私教主管 | D86: 孟祥 | E86: 在职 | F86: 5138.97 | G86: 0 | K86: =VLOOKUP(A86,'5月'!A:K,11,FALSE) -> 朝晖人力 | L86: =VLOOKUP(A86,'5月'!A:L,12,FALSE) -> 340421199412063853 | M86: =VLOOKUP(A86,'5月'!A:M,13,FALSE) -> 18558655504 | N86: =VLOOKUP(D86,[11]个人所得税扣缴申报表!$B$1:$L$65536,11,FALSE) -> 0 | Q86: =G86-N86 -> 0
A87: 淮南吾悦店郑祥泰 | B87: 淮南吾悦店 | C87: 私教 | D87: 郑祥泰 | E87: 在职 | F87: 8078.6197 | G87: 53.12 | K87: =VLOOKUP(A87,'5月'!A:K,11,FALSE) -> 朝晖人力 | L87: =VLOOKUP(A87,'5月'!A:L,12,FALSE) -> 341621200110014017 | M87: =VLOOKUP(A87,'5月'!A:M,13,FALSE) -> 17555810180 | N87: =VLOOKUP(D87,[11]个人所得税扣缴申报表!$B$1:$L$65536,11,FALSE) -> 53.12 | Q87: =G87-N87 -> 0
A88: 淮南吾悦店张楠 | B88: 淮南吾悦店 | C88: 泳教主管 | D88: 张楠 | E88: 在职 | F88: 9232.4333 | G88: 126.97 | H88: 553.97 | K88: =VLOOKUP(A88,'5月'!A:K,11,FALSE) -> 朝晖人力 | L88: =VLOOKUP(A88,'5月'!A:L,12,FALSE) -> 341126200010156936 | M88: =VLOOKUP(A88,'5月'!A:M,13,FALSE) -> 17727600461 | N88: =VLOOKUP(D88,[11]个人所得税扣缴申报表!$B$1:$L$65536,11,FALSE) -> 0 | Q88: =G88-N88 -> 126.97
A89: 淮南吾悦店王永瑞 | B89: 淮南吾悦店 | C89: 泳教 | D89: 王永瑞 | E89: 在职 | F89: 3639.3083 | G89: 0 | K89: =VLOOKUP(A89,'5月'!A:K,11,FALSE) -> 朝晖人力 | L89: =VLOOKUP(A89,'5月'!A:L,12,FALSE) -> 340406200310081438 | M89: =VLOOKUP(A89,'5月'!A:M,13,FALSE) -> 18155490194 | N89: =VLOOKUP(D89,[11]个人所得税扣缴申报表!$B$1:$L$65536,11,FALSE) -> 0 | Q89: =G89-N89 -> 0
A90: 淮南吾悦店金全涛 | B90: 淮南吾悦店 | C90: 泳教 | D90: 金全涛 | E90: 在职 | F90: 3134.9 | G90: 0 | K90: =VLOOKUP(A90,'5月'!A:K,11,FALSE) -> 朝晖人力 | L90: =VLOOKUP(A90,'5月'!A:L,12,FALSE) -> 340421200012200439 | M90: =VLOOKUP(A90,'5月'!A:M,13,FALSE) -> 13013051159 | N90: =VLOOKUP(D90,[11]个人所得税扣缴申报表!$B$1:$L$65536,11,FALSE) -> 0 | Q90: =G90-N90 -> 0
A91: 淮南吾悦店陈一鸣 | B91: 淮南吾悦店 | C91: 泳教 | D91: 陈一鸣 | E91: 在职 | F91: 107.75862 | G91: 0 | K91: =VLOOKUP(A91,'5月'!A:K,11,FALSE) -> 朝晖人力 | L91: =VLOOKUP(A91,'5月'!A:L,12,FALSE) -> 34040320001221001X | M91: =VLOOKUP(A91,'5月'!A:M,13,FALSE) -> 18130137196 | N91: =VLOOKUP(D91,[11]个人所得税扣缴申报表!$B$1:$L$65536,11,FALSE) -> 0 | Q91: =G91-N91 -> 0
A92: 淮南吾悦店聂单涛 | B92: 淮南吾悦店 | C92: 泳教 | D92: 聂单涛 | E92: 在职 | F92: 105.54167 | G92: 0 | K92: 朝晖人力 | L92: =VLOOKUP(A92,[10]在职名单!$D:$AF,29,FALSE) -> 342221199606169235 | M92: =VLOOKUP(A92,[10]在职名单!$D:$AK,34,FALSE) -> 17344034212 | N92: =VLOOKUP(D92,[11]个人所得税扣缴申报表!$B$1:$L$65536,11,FALSE) -> 0 | Q92: =G92-N92 -> 0
A93: 淮南吾悦店周茂斌 | B93: 淮南吾悦店 | C93: 救生员 | D93: 周茂斌 | E93: 在职 | F93: 1260 | G93: 0 | K93: 朝晖人力 | L93: =VLOOKUP(A93,[10]在职名单!$D:$AF,29,FALSE) -> 340402197202271613 | M93: =VLOOKUP(A93,[10]在职名单!$D:$AK,34,FALSE) -> 15256715888 | N93: =VLOOKUP(D93,[11]个人所得税扣缴申报表!$B$1:$L$65536,11,FALSE) -> 0 | Q93: =G93-N93 -> 0
A94: 宿州吾悦店韩涛 | B94: 宿州吾悦店 | C94: 店长 | D94: 韩涛 | E94: 在职 | F94: 14379.516 | G94: 46.05 | H94: =VLOOKUP(A94,'5月'!A:H,8,FALSE) -> 359.84 | I94: =VLOOKUP(A94,'5月'!A:I,9,FALSE) -> 96.96 | J94: =VLOOKUP(A94,'5月'!A:J,10,FALSE) -> 13.49 | K94: =VLOOKUP(A94,'5月'!A:K,11,FALSE) -> 朝晖人力 | L94: =VLOOKUP(A94,'5月'!A:L,12,FALSE) -> 420527198706285338 | M94: =VLOOKUP(A94,'5月'!A:M,13,FALSE) -> 13332527599 | N94: =VLOOKUP(D94,[11]个人所得税扣缴申报表!$B$1:$L$65536,11,FALSE) -> 38.99 | Q94: =G94-N94 -> 7.06
A95: 宿州吾悦店涂佩 | B95: 宿州吾悦店 | C95: 前台主管 | D95: 涂佩 | E95: 在职 | F95: 4050 | G95: 0 | K95: =VLOOKUP(A95,'5月'!A:K,11,FALSE) -> 朝晖人力 | L95: =VLOOKUP(A95,'5月'!A:L,12,FALSE) -> 421122199006094225 | M95: =VLOOKUP(A95,'5月'!A:M,13,FALSE) -> 15655706018 | N95: =VLOOKUP(D95,[11]个人所得税扣缴申报表!$B$1:$L$65536,11,FALSE) -> 0 | Q95: =G95-N95 -> 0
A96: 宿州吾悦店赵丽 | B96: 宿州吾悦店 | C96: 前台 | D96: 赵丽 | E96: 在职 | F96: 2500 | G96: 0 | K96: =VLOOKUP(A96,'5月'!A:K,11,FALSE) -> 朝晖人力 | L96: =VLOOKUP(A96,'5月'!A:L,12,FALSE) -> 341302200308232823 | M96: =VLOOKUP(A96,'5月'!A:M,13,FALSE) -> 15240079764 | N96: =VLOOKUP(D96,[11]个人所得税扣缴申报表!$B$1:$L$65536,11,FALSE) -> 0 | Q96: =G96-N96 -> 0
A97: 宿州吾悦店王淑萍 | B97: 宿州吾悦店 | C97: 保洁 | D97: 王淑萍 | E97: 在职 | F97: 2385 | G97: 0 | K97: =VLOOKUP(A97,'5月'!A:K,11,FALSE) -> 朝晖人力 | L97: =VLOOKUP(A97,'5月'!A:L,12,FALSE) -> 340604196008270480 | M97: =VLOOKUP(A97,'5月'!A:M,13,FALSE) -> 13026041688 | N97: =VLOOKUP(D97,[11]个人所得税扣缴申报表!$B$1:$L$65536,11,FALSE) -> 0 | Q97: =G97-N97 -> 0
A98: 宿州吾悦店哈大宝 | B98: 宿州吾悦店 | C98: 保洁 | D98: 哈大宝 | E98: 在职 | F98: 2385 | G98: 0 | K98: =VLOOKUP(A98,'5月'!A:K,11,FALSE) -> 朝晖人力 | L98: =VLOOKUP(A98,'5月'!A:L,12,FALSE) -> 340621196008214813 | M98: =VLOOKUP(A98,'5月'!A:M,13,FALSE) -> 13866590052 | N98: =VLOOKUP(D98,[11]个人所得税扣缴申报表!$B$1:$L$65536,11,FALSE) -> 0 | Q98: =G98-N98 -> 0
A99: 宿州吾悦店李金鞠 | B99: 宿州吾悦店 | C99: 会籍经理 | D99: 李金鞠 | E99: 在职 | F99: 15980.354 | G99: 0 | H99: =VLOOKUP(A99,'5月'!A:H,8,FALSE) -> 359.84 | I99: =VLOOKUP(A99,'5月'!A:I,9,FALSE) -> 96.96 | J99: =VLOOKUP(A99,'5月'!A:J,10,FALSE) -> 13.49 | K99: =VLOOKUP(A99,'5月'!A:K,11,FALSE) -> 朝晖人力 | L99: =VLOOKUP(A99,'5月'!A:L,12,FALSE) -> 342201198804070420 | M99: =VLOOKUP(A99,'5月'!A:M,13,FALSE) -> 18705579951 | N99: =VLOOKUP(D99,[11]个人所得税扣缴申报表!$B$1:$L$65536,11,FALSE) -> 0 | Q99: =G99-N99 -> 0
A100: 宿州吾悦店王宁 | B100: 宿州吾悦店 | C100: 会籍 | D100: 王宁 | E100: 在职 | F100: 3611.0619 | G100: 0 | K100: =VLOOKUP(A100,'5月'!A:K,11,FALSE) -> 朝晖人力 | L100: =VLOOKUP(A100,'5月'!A:L,12,FALSE) -> 342201199210316416 | M100: =VLOOKUP(A100,'5月'!A:M,13,FALSE) -> 18714903660 | N100: =VLOOKUP(D100,[11]个人所得税扣缴申报表!$B$1:$L$65536,11,FALSE) -> 0 | Q100: =G100-N100 -> 0
A101: 宿州吾悦店杨子席 | B101: 宿州吾悦店 | C101: 会籍 | D101: 杨子席 | E101: 在职 | F101: 2224.59 | G101: 0 | K101: =VLOOKUP(A101,'5月'!A:K,11,FALSE) -> 朝晖人力 | L101: =VLOOKUP(A101,'5月'!A:L,12,FALSE) -> 34130220060305285X | M101: =VLOOKUP(A101,'5月'!A:M,13,FALSE) -> 18895767395 | N101: =VLOOKUP(D101,[11]个人所得税扣缴申报表!$B$1:$L$65536,11,FALSE) -> 0 | Q101: =G101-N101 -> 0
A102: 宿州吾悦店昌蓓蓓 | B102: 宿州吾悦店 | C102: 会籍 | D102: 昌蓓蓓 | E102: 离职 | F102: 1012 | G102: 0 | K102: 朝晖人力 | L102: =VLOOKUP(A102,[10]在职名单!$D:$AF,29,FALSE) -> 341302200810297948 | M102: =VLOOKUP(A102,[10]在职名单!$D:$AK,34,FALSE) -> 17355752370 | N102: =VLOOKUP(D102,[11]个人所得税扣缴申报表!$B$1:$L$65536,11,FALSE) -> 0 | Q102: =G102-N102 -> 0
A103: 宿州吾悦店赵思雨 | B103: 宿州吾悦店 | C103: 会籍 | D103: 赵思雨 | E103: 离职 | F103: 1012 | G103: 0 | K103: 没有身份证号 | L103: 没有身份证号 | M103: 没有身份证号 | N103: 没有身份证号
A104: 宿州吾悦店刘宇皓 | B104: 宿州吾悦店 | C104: 会籍 | D104: 刘宇皓 | E104: 离职 | F104: 288 | G104: 0 | K104: 不报 | L104: 没有身份证号 | M104: 没有身份证号 | Q104: =G104-N104 -> 0
A105: 宿州吾悦店曹宇乐 | B105: 宿州吾悦店 | C105: 会籍 | D105: 曹宇乐 | E105: 离职 | F105: 0 | G105: 0 | K105: 不报 | Q105: =G105-N105 -> 0
A106: 宿州吾悦店吴忠虎 | B106: 宿州吾悦店 | C106: 私教 | D106: 吴忠虎 | E106: 在职 | F106: 3194.1 | G106: 0 | K106: =VLOOKUP(A106,'5月'!A:K,11,FALSE) -> 朝晖人力 | L106: =VLOOKUP(A106,'5月'!A:L,12,FALSE) -> 342201199703101616 | M106: =VLOOKUP(A106,'5月'!A:M,13,FALSE) -> 13855722392 | N106: =VLOOKUP(D106,[11]个人所得税扣缴申报表!$B$1:$L$65536,11,FALSE) -> 0 | Q106: =G106-N106 -> 0
A107: 宿州吾悦店陈晨 | B107: 宿州吾悦店 | C107: 私教 | D107: 陈晨 | E107: 在职 | F107: 8544.6 | G107: 35.4 | K107: =VLOOKUP(A107,'5月'!A:K,11,FALSE) -> 朝晖人力 | L107: 342201199508031835 | M107: =VLOOKUP(A107,'5月'!A:M,13,FALSE) -> 15398200885 | N107: =VLOOKUP(D107,[11]个人所得税扣缴申报表!$B$1:$L$65536,11,FALSE) -> 35.4 | Q107: =G107-N107 -> 0
A108: 宿州吾悦店朱欣园 | B108: 宿州吾悦店 | C108: 私教 | D108: 朱欣园 | E108: 在职 | F108: 1593 | G108: 0 | K108: =VLOOKUP(A108,'5月'!A:K,11,FALSE) -> 朝晖人力 | L108: =VLOOKUP(A108,'5月'!A:L,12,FALSE) -> 340621200508084436 | M108: =VLOOKUP(A108,'5月'!A:M,13,FALSE) -> 17682726539 | N108: =VLOOKUP(D108,[11]个人所得税扣缴申报表!$B$1:$L$65536,11,FALSE) -> 0 | Q108: =G108-N108 -> 0
A109: 宿州吾悦店韩君翔 | B109: 宿州吾悦店 | C109: 私教 | D109: 韩君翔 | E109: 离职 | F109: 504 | G109: 0 | K109: 朝晖人力 | L109: =VLOOKUP(A109,[10]在职名单!$D:$AF,29,FALSE) -> 341302200202181853 | M109: =VLOOKUP(A109,[10]在职名单!$D:$AK,34,FALSE) -> 18133787079 | N109: =VLOOKUP(D109,[11]个人所得税扣缴申报表!$B$1:$L$65536,11,FALSE) -> 0 | Q109: =G109-N109 -> 0
A110: 宿州吾悦店孟鑫 | B110: 宿州吾悦店 | C110: 私教 | D110: 孟鑫 | E110: 在职 | F110: 101.25 | G110: 0 | K110: =VLOOKUP(A110,'5月'!A:K,11,FALSE) -> 朝晖人力 | L110: =VLOOKUP(A110,'5月'!A:L,12,FALSE) -> 340621199309224824 | M110: =VLOOKUP(A110,'5月'!A:M,13,FALSE) -> 15756183202 | N110: =VLOOKUP(D110,[11]个人所得税扣缴申报表!$B$1:$L$65536,11,FALSE) -> 0 | Q110: =G110-N110 -> 0
A111: 宿州吾悦店王佳康 | B111: 宿州吾悦店 | C111: 私教 | D111: 王佳康 | E111: 在职 | F111: 1044 | G111: 0 | K111: 朝晖人力 | L111: =VLOOKUP(A111,[10]在职名单!$D:$AF,29,FALSE) -> 341302200407228512 | M111: =VLOOKUP(A111,[10]在职名单!$D:$AK,34,FALSE) -> 18325719903 | N111: =VLOOKUP(D111,[11]个人所得税扣缴申报表!$B$1:$L$65536,11,FALSE) -> 0 | Q111: =G111-N111 -> 0
A112: 宿州吾悦店邢雪 | B112: 宿州吾悦店 | C112: 泳教 | D112: 邢雪雪 | E112: 在职 | F112: 18065.2 | G112: 391.96 | K112: =VLOOKUP(A112,'5月'!A:K,11,FALSE) -> 朝晖人力 | L112: 342201199008083284 | M112: 15155702610 | N112: =VLOOKUP(D112,[11]个人所得税扣缴申报表!$B$1:$L$65536,11,FALSE) -> 391.96 | Q112: =G112-N112 -> 0
A113: 宿州吾悦店董鸿博 | B113: 宿州吾悦店 | C113: 泳教 | D113: 董鸿博 | E113: 离职 | F113: 576 | G113: 0 | K113: 朝晖人力 | L113: =VLOOKUP(A113,[10]在职名单!$D:$AF,29,FALSE) -> 341302200310304435 | M113: =VLOOKUP(A113,[10]在职名单!$D:$AK,34,FALSE) -> 15398253590 | N113: =VLOOKUP(D113,[11]个人所得税扣缴申报表!$B$1:$L$65536,11,FALSE) -> 0 | Q113: =G113-N113 -> 0
A114: 宿州吾悦店孙璐 | B114: 宿州吾悦店 | C114: 泳教主管 | D114: 孙璐 | E114: 在职 | F114: 16355.59 | G114: 0 | K114: =VLOOKUP(A114,'5月'!A:K,11,FALSE) -> 朝晖人力 | L114: =VLOOKUP(A114,'5月'!A:L,12,FALSE) -> 341302200205149015 | M114: =VLOOKUP(A114,'5月'!A:M,13,FALSE) -> 19955776097 | N114: =VLOOKUP(D114,[11]个人所得税扣缴申报表!$B$1:$L$65536,11,FALSE) -> 0 | Q114: =G114-N114 -> 0
A115: 华农店郭凯 | B115: 华农店 | C115: 店长 | D115: 郭凯 | E115: 在职 | F115: 6786.3022 | G115: 0 | H115: =VLOOKUP(A115,'5月'!A:H,8,FALSE) -> 359.84 | I115: =VLOOKUP(A115,'5月'!A:I,9,FALSE) -> 96.96 | J115: =VLOOKUP(A115,'5月'!A:J,10,FALSE) -> 13.49 | K115: =VLOOKUP(A115,'5月'!A:K,11,FALSE) -> 武汉山道 | L115: =VLOOKUP(A115,'5月'!A:L,12,FALSE) -> 421182199603072952 | M115: =VLOOKUP(A115,'5月'!A:M,13,FALSE) -> 13817689240 | N115: 0 | Q115: =G115-N115 -> 0
A116: 华农店何家珍 | B116: 华农店 | C116: 保洁 | D116: 何家珍 | E116: 在职 | F116: 3500 | G116: 0 | K116: =VLOOKUP(A116,'5月'!A:K,11,FALSE) -> 南湖 | L116: =VLOOKUP(A116,'5月'!A:L,12,FALSE) -> 420122196810222844 | M116: =VLOOKUP(A116,'5月'!A:M,13,FALSE) -> 13871599682 | N116: 0 | Q116: =G116-N116 -> 0
A117: 华农店简安珍 | B117: 华农店 | C117: 前台 | D117: 简安珍 | E117: 在职 | F117: 2920 | G117: 0 | K117: =VLOOKUP(A117,'5月'!A:K,11,FALSE) -> 朝晖人力 | L117: =VLOOKUP(A117,'5月'!A:L,12,FALSE) -> 532627200211250929 | M117: =VLOOKUP(A117,'5月'!A:M,13,FALSE) -> 15390887764 | N117: =VLOOKUP(D117,[11]个人所得税扣缴申报表!$B$1:$L$65536,11,FALSE) -> 0 | Q117: =G117-N117 -> 0
A118: 华农店沈盼 | B118: 华农店 | C118: 私教经理 | D118: 沈盼 | E118: 在职 | F118: 12006.604 | G118: 105.2 | K118: =VLOOKUP(A118,'5月'!A:K,11,FALSE) -> 南湖 | L118: =VLOOKUP(A118,'5月'!A:L,12,FALSE) -> 422126199901264012 | M118: =VLOOKUP(A118,'5月'!A:M,13,FALSE) -> 18872230919 | N118: 105.2 | Q118: =G118-N118 -> 0
...

Sheet 7月
A1: 门店+姓名 | B1: 门店 | C1: 岗位 | D1: 姓名 | E1: 员工状态 | F1: 报税工资 | G1: 个税 | H1: 基本养老保险费 | I1: 基本医疗保险费 | J1: 失业保险费 | K1: 分公司 | L1: 身份证号 | M1: 联系方式 | N1: 实际个税 | O1: 备注 | Q1: 差额 | S1: 差额1
D2: 刘甜甜 | F2: 17000 | G2: 1024.2 | H2: 1360 | I2: 347 | J2: 51 | K2: 武汉山道 | L2: 420684198505276040
D3: 杨艳 | F3: 2000 | H3: 359.84 | I3: 96.96 | J3: 13.49 | K3: 武汉山道 | L3: 420623198201201047
D4: 刘建斌 | F4: 17000 | G4: 1024.2 | H4: 1360 | I4: 347 | J4: 51 | K4: 武汉山道 | L4: 420684198402276056 | M4: 15927000009
A5: 蚌埠吾悦店张宝宝 | B5: 蚌埠吾悦店 | C5: 区域总 | D5: 张宝宝 | E5: 在职 | F5: 5614.6914 | G5: 0 | K5: 武汉山道 | L5: =VLOOKUP(D5,'6月'!D:L,9,FALSE) -> 152127199403142136 | M5: =VLOOKUP(D5,'6月'!D:M,10,FALSE) -> 13986237095
A6: 蚌埠吾悦店王格 | B6: 蚌埠吾悦店 | C6: 前台主管 | D6: 王格 | E6: 在职 | F6: 3950 | G6: 0 | K6: =VLOOKUP(A6,'6月'!A:K,11,FALSE) -> 朝晖人力 | L6: =VLOOKUP(A6,'6月'!A:L,12,FALSE) -> 340322200502054623 | M6: =VLOOKUP(A6,'6月'!A:M,13,FALSE) -> 15375468652
A7: 蚌埠吾悦店孙颖 | B7: 蚌埠吾悦店 | C7: 前台 | D7: 孙颖 | E7: 在职 | F7: 2940 | G7: 0 | K7: =VLOOKUP(A7,'6月'!A:K,11,FALSE) -> 朝晖人力 | L7: =VLOOKUP(A7,'6月'!A:L,12,FALSE) -> 340321200212088263 | M7: =VLOOKUP(A7,'6月'!A:M,13,FALSE) -> 13155218936
A8: 蚌埠吾悦店赵红 | B8: 蚌埠吾悦店 | C8: 保洁 | D8: 赵红 | E8: 在职 | F8: 2375 | G8: 0 | K8: =VLOOKUP(A8,'6月'!A:K,11,FALSE) -> 朝晖人力 | L8: =VLOOKUP(A8,'6月'!A:L,12,FALSE) -> 340302197012310428 | M8: =VLOOKUP(A8,'6月'!A:M,13,FALSE) -> 16655298121
A9: 蚌埠吾悦店陆春亮 | B9: 蚌埠吾悦店 | C9: 保洁 | D9: 陆春亮 | E9: 在职 | F9: 2375 | G9: 0 | K9: =VLOOKUP(A9,'6月'!A:K,11,FALSE) -> 朝晖人力 | L9: =VLOOKUP(A9,'6月'!A:L,12,FALSE) -> 340302196303260411 | M9: =VLOOKUP(A9,'6月'!A:M,13,FALSE) -> 13093664952
A10: 蚌埠吾悦店万小建 | B10: 蚌埠吾悦店 | C10: 会籍经理 | D10: 万小建 | E10: 在职 | F10: 12189.42 | G10: 215.69 | K10: =VLOOKUP(A10,'6月'!A:K,11,FALSE) -> 朝晖人力 | L10: =VLOOKUP(A10,'6月'!A:L,12,FALSE) -> 340321198606010899 | M10: =VLOOKUP(A10,'6月'!A:M,13,FALSE) -> 1396528/6269
A11: 蚌埠吾悦店邵家文 | B11: 蚌埠吾悦店 | C11: 会籍 | D11: 邵家文 | E11: 在职 | F11: 2765.32 | G11: 0 | K11: =VLOOKUP(A11,'6月'!A:K,11,FALSE) -> 朝晖人力 | L11: =VLOOKUP(A11,'6月'!A:L,12,FALSE) -> 340321200412065031 | M11: =VLOOKUP(A11,'6月'!A:M,13,FALSE) -> 17201600134
A12: 蚌埠吾悦店赵惠春 | B12: 蚌埠吾悦店 | C12: 会籍 | D12: 赵惠春 | E12: 在职 | F12: 5064.68 | G12: 1.94 | K12: =VLOOKUP(A12,'6月'!A:K,11,FALSE) -> 朝晖人力 | L12: =VLOOKUP(A12,'6月'!A:L,12,FALSE) -> 370406200602046621 | M12: =VLOOKUP(A12,'6月'!A:M,13,FALSE) -> 19055243298
A13: 蚌埠吾悦店刘庆康 | B13: 蚌埠吾悦店 | C13: 会籍 | D13: 刘庆康 | E13: 在职 | F13: 2250.43 | G13: 0 | K13: =VLOOKUP(A13,'6月'!A:K,11,FALSE) -> 朝晖人力 | L13: =VLOOKUP(A13,'6月'!A:L,12,FALSE) -> 340302200512121011 | M13: =VLOOKUP(A13,[12]在职名单!$D:$AK,34,FALSE) -> 0
A14: 蚌埠吾悦店曹泽 | B14: 蚌埠吾悦店 | C14: 会籍 | D14: 曹泽 | E14: 在职 | F14: 2113.28 | G14: 0 | K14: =VLOOKUP(A14,'6月'!A:K,11,FALSE) -> 朝晖人力 | L14: =VLOOKUP(A14,'6月'!A:L,12,FALSE) -> 340323200404246919 | M14: =VLOOKUP(A14,'6月'!A:M,13,FALSE) -> 19556139314
A15: 蚌埠吾悦店郑庆哲 | B15: 蚌埠吾悦店 | C15: 会籍 | D15: 郑庆哲 | E15: 离职 | F15: 1957.6 | G15: 0 | K15: 朝晖人力 | L15: 340322200801264612 | M15: 15178321353
A16: 蚌埠吾悦店刘浩天 | B16: 蚌埠吾悦店 | C16: 会籍 | D16: 刘浩天 | E16: 在职 | F16: 1570.16 | G16: 0 | K16: 朝晖人力 | L16: =VLOOKUP(A16,[12]在职名单!$D:$AF,29,FALSE) -> 340321200410162532 | M16: =VLOOKUP(A16,[12]在职名单!$D:$AK,34,FALSE) -> 18055208755
A17: 蚌埠吾悦店栾金良 | B17: 蚌埠吾悦店 | C17: 私教经理 | D17: 栾金良 | E17: 在职 | F17: 8722.6554 | G17: 111.68 | K17: =VLOOKUP(A17,'6月'!A:K,11,FALSE) -> 朝晖人力 | L17: =VLOOKUP(A17,'6月'!A:L,12,FALSE) -> 321302198506180055 | M17: =VLOOKUP(A17,'6月'!A:M,13,FALSE) -> 13815786616
A18: 蚌埠吾悦店曲蓝鹤 | B18: 蚌埠吾悦店 | C18: 私教 | D18: 曲蓝鹤 | E18: 在职 | F18: 5209.3354 | G18: 0 | K18: =VLOOKUP(A18,'6月'!A:K,11,FALSE) -> 朝晖人力 | L18: =VLOOKUP(A18,'6月'!A:L,12,FALSE) -> 230505199011080214 | M18: =VLOOKUP(A18,'6月'!A:M,13,FALSE) -> 17755263617
A19: 蚌埠吾悦店蒋维月 | B19: 蚌埠吾悦店 | C19: 私教 | D19: 蒋维月 | E19: 离职 | F19: 2261.2579 | G19: 0 | K19: =VLOOKUP(A19,'6月'!A:K,11,FALSE) -> 朝晖人力 | L19: =VLOOKUP(A19,'6月'!A:L,12,FALSE) -> 340322200712043869 | M19: =VLOOKUP(A19,'6月'!A:M,13,FALSE) -> 18714837986
A20: 蚌埠吾悦店孙齐云 | B20: 蚌埠吾悦店 | C20: 私教经理 | D20: 孙齐云 | E20: 在职 | F20: 1076.3664 | G20: 0 | K20: =VLOOKUP(D20,'6月'!D:K,8,FALSE) -> 朝晖人力 | L20: =VLOOKUP(D20,'6月'!D:L,9,FALSE) -> 342626199407204919 | M20: =VLOOKUP(D20,'6月'!D:M,10,FALSE) -> 13851536096
A21: 蚌埠吾悦店林康 | B21: 蚌埠吾悦店 | C21: 泳教主管 | D21: 林康 | E21: 在职 | F21: 10566.5 | G21: 138.03 | K21: =VLOOKUP(A21,'6月'!A:K,11,FALSE) -> 朝晖人力 | L21: =VLOOKUP(A21,'6月'!A:L,12,FALSE) -> 340321200212060850 | M21: =VLOOKUP(A21,'6月'!A:M,13,FALSE) -> 15056356955
A22: 蚌埠吾悦店周凯乐 | B22: 蚌埠吾悦店 | C22: 泳教 | D22: 周凯乐 | E22: 在职 | F22: 3489.2 | G22: 0 | K22: =VLOOKUP(A22,'6月'!A:K,11,FALSE) -> 朝晖人力 | L22: =VLOOKUP(A22,'6月'!A:L,12,FALSE) -> 340321200108182495 | M22: =VLOOKUP(A22,'6月'!A:M,13,FALSE) -> 18715261682
A23: 蚌埠吾悦店李响 | B23: 蚌埠吾悦店 | C23: 泳教 | D23: 李响 | E23: 在职 | F23: 1257.75 | G23: 0 | K23: =VLOOKUP(A23,'6月'!A:K,11,FALSE) -> 朝晖人力 | L23: =VLOOKUP(A23,'6月'!A:L,12,FALSE) -> 34030219860130002X | M23: =VLOOKUP(A23,[12]在职名单!$D:$AK,34,FALSE) -> 0
A24: 蚌埠吾悦店王欣悦 | B24: 蚌埠吾悦店 | C24: 泳教 | D24: 王欣悦 | E24: 在职 | F24: 2582.7 | G24: 0 | K24: =VLOOKUP(A24,'6月'!A:K,11,FALSE) -> 朝晖人力 | L24: =VLOOKUP(A24,'6月'!A:L,12,FALSE) -> 34030220050401024x | M24: =VLOOKUP(A24,'6月'!A:M,13,FALSE) -> 17201602086
A25: 蚌埠吾悦店李浩然 | B25: 蚌埠吾悦店 | C25: 安全员 | D25: 李浩然 | E25: 在职 | F25: 1500 | G25: 0 | K25: 朝晖人力 | L25: 341521200706097276 | M25: 18855276066
A26: 蚌埠银泰店张健 | B26: 蚌埠银泰店 | C26: 店长 | D26: 张健 | E26: 离职 | F26: 1568 | G26: 0 | K26: =VLOOKUP(A26,'6月'!A:K,11,FALSE) -> 朝晖人力 | L26: =VLOOKUP(A26,'6月'!A:L,12,FALSE) -> 342601199308085099 | M26: =VLOOKUP(A26,'6月'!A:M,13,FALSE) -> 18556503671
A27: 蚌埠银泰店刘瑞斌 | B27: 蚌埠银泰店 | C27: 店长 | D27: 刘瑞斌 | E27: 在职 | F27: 1340 | G27: 0 | H27: =VLOOKUP(D27,'6月'!D:H,5,FALSE) -> 359.84 | I27: =VLOOKUP(D27,'6月'!D:I,6,FALSE) -> 96.96 | J27: =VLOOKUP(D27,'6月'!D:J,7,FALSE) -> 13.49 | K27: 不报 | L27: =VLOOKUP(D27,'6月'!D:L,9,FALSE) -> 不报 | M27: =VLOOKUP(D27,'6月'!D:M,10,FALSE) -> 不报
A28: 蚌埠银泰店郭凯 | B28: 蚌埠银泰店 | C28: 店长 | D28: 郭凯 | E28: 在职 | F28: 3508.9774 | G28: 0 | K28: =VLOOKUP(D28,'6月'!D:K,8,FALSE) -> 武汉山道 | L28: =VLOOKUP(A28,[12]在职名单!$D:$AF,29,FALSE) -> 421182199603072952 | M28: =VLOOKUP(A28,[12]在职名单!$D:$AK,34,FALSE) -> 13817689240
A29: 蚌埠银泰店彭莹莹 | B29: 蚌埠银泰店 | C29: 前台主管 | D29: 彭莹莹 | E29: 在职 | F29: 3680 | G29: 0 | K29: =VLOOKUP(A29,'6月'!A:K,11,FALSE) -> 朝晖人力 | L29: =VLOOKUP(A29,'6月'!A:L,12,FALSE) -> 34031119930320142X | M29: =VLOOKUP(A29,'6月'!A:M,13,FALSE) -> 18895657368
A30: 蚌埠银泰店王梦蝶 | B30: 蚌埠银泰店 | C30: 前台 | D30: 王梦蝶 | E30: 在职 | F30: 2649.6 | G30: 0 | K30: =VLOOKUP(A30,'6月'!A:K,11,FALSE) -> 朝晖人力 | L30: =VLOOKUP(A30,'6月'!A:L,12,FALSE) -> 340321199903303123 | M30: =VLOOKUP(A30,'6月'!A:M,13,FALSE) -> 15021243059
A31: 蚌埠银泰店李桂华 | B31: 蚌埠银泰店 | C31: 保洁 | D31: 李桂华 | E31: 在职 | F31: 2450 | G31: 0 | K31: =VLOOKUP(A31,'6月'!A:K,11,FALSE) -> 朝晖人力 | L31: =VLOOKUP(A31,'6月'!A:L,12,FALSE) -> 340123196511187707 | M31: =VLOOKUP(A31,'6月'!A:M,13,FALSE) -> 17705522172
A32: 蚌埠银泰店王良顺 | B32: 蚌埠银泰店 | C32: 保洁 | D32: 王良顺 | E32: 离职 | F32: 1360 | G32: 0 | K32: =VLOOKUP(A32,'6月'!A:K,11,FALSE) -> 朝晖人力 | L32: =VLOOKUP(A32,'6月'!A:L,12,FALSE) -> 340301196210230030 | M32: =VLOOKUP(A32,'6月'!A:M,13,FALSE) -> 13965298264
A33: 蚌埠银泰店黄广学 | B33: 蚌埠银泰店 | C33: 保洁 | D33: 黄广学 | E33: 离职 | F33: 1100 | G33: 0 | K33: 朝晖人力
A34: 蚌埠银泰店史玲娟 | B34: 蚌埠银泰店 | C34: 会籍 | D34: 史玲娟 | E34: 在职 | F34: 5248.5892 | G34: 7.09 | K34: =VLOOKUP(A34,'6月'!A:K,11,FALSE) -> 朝晖人力 | L34: =VLOOKUP(A34,'6月'!A:L,12,FALSE) -> 340323200311216227 | M34: =VLOOKUP(A34,'6月'!A:M,13,FALSE) -> 15755212422
A35: 蚌埠银泰店张鑫杰 | B35: 蚌埠银泰店 | C35: 会籍 | D35: 张鑫杰 | E35: 离职 | F35: 271 | G35: 0 | K35: =VLOOKUP(A35,'6月'!A:K,11,FALSE) -> 朝晖人力 | L35: =VLOOKUP(A35,'6月'!A:L,12,FALSE) -> 410221200502176512 | M35: =VLOOKUP(A35,'6月'!A:M,13,FALSE) -> 18836866156
A36: 蚌埠银泰店钮家宝 | B36: 蚌埠银泰店 | C36: 会籍 | D36: 钮家宝 | E36: 离职 | F36: 2483.58 | G36: 0 | K36: 朝晖人力 | L36: =VLOOKUP(A36,[12]在职名单!$D:$AF,29,FALSE) -> 340321199410165930 | M36: =VLOOKUP(A36,[12]在职名单!$D:$AK,34,FALSE) -> 13524864817
A37: 蚌埠银泰店孙齐云 | B37: 蚌埠银泰店 | C37: 私教经理 | D37: 孙齐云 | E37: 在职 | F37: 6959.4002 | G37: 58.78 | K37: =VLOOKUP(A37,'6月'!A:K,11,FALSE) -> 朝晖人力 | L37: =VLOOKUP(A37,'6月'!A:L,12,FALSE) -> 342626199407204919 | M37: =VLOOKUP(A37,'6月'!A:M,13,FALSE) -> 13851536096
A38: 蚌埠银泰店李可 | B38: 蚌埠银泰店 | C38: 私教 | D38: 李可 | E38: 在职 | F38: 3062.4059 | G38: 0 | K38: =VLOOKUP(A38,'6月'!A:K,11,FALSE) -> 朝晖人力 | L38: =VLOOKUP(A38,'6月'!A:L,12,FALSE) -> 340404200104240028 | M38: =VLOOKUP(A38,'6月'!A:M,13,FALSE) -> 18055464203
A39: 蚌埠银泰店黄顺顺 | B39: 蚌埠银泰店 | C39: 私教 | D39: 黄顺顺 | E39: 在职 | F39: 3236.404 | G39: 0 | K39: =VLOOKUP(A39,'6月'!A:K,11,FALSE) -> 朝晖人力 | L39: =VLOOKUP(A39,'6月'!A:L,12,FALSE) -> 340311200308301214 | M39: =VLOOKUP(A39,'6月'!A:M,13,FALSE) -> 18101221171
A40: 蚌埠银泰店顾帅帅 | B40: 蚌埠银泰店 | C40: 私教 | D40: 顾帅帅 | E40: 在职 | F40: 115.71429 | G40: 0 | K40: =VLOOKUP(A40,'6月'!A:K,11,FALSE) -> 朝晖人力 | L40: =VLOOKUP(A40,'6月'!A:L,12,FALSE) -> 340321200507210836 | M40: =VLOOKUP(A40,'6月'!A:M,13,FALSE) -> 15556190914
A41: 蚌埠银泰店李彬 | B41: 蚌埠银泰店 | C41: 泳教主管 | D41: 李彬 | E41: 在职 | F41: 2144.3 | G41: 0 | K41: 朝晖人力 | L41: 340321199910036238 | M41: 15050227449
A42: 蚌埠银泰店谢震威 | B42: 蚌埠银泰店 | C42: 泳教主管 | D42: 谢震威 | E42: 在职 | F42: 9592.15 | G42: 120.98 | K42: =VLOOKUP(A42,'6月'!A:K,11,FALSE) -> 朝晖人力 | L42: =VLOOKUP(A42,'6月'!A:L,12,FALSE) -> 340621199808143236 | M42: =VLOOKUP(A42,'6月'!A:M,13,FALSE) -> 15756166520
A43: 蚌埠银泰店张建成 | B43: 蚌埠银泰店 | C43: 泳教 | D43: 张建成 | E43: 在职 | F43: 2951.87 | G43: 0 | K43: =VLOOKUP(A43,'6月'!A:K,11,FALSE) -> 朝晖人力 | L43: =VLOOKUP(A43,'6月'!A:L,12,FALSE) -> 340323199705206253 | M43: =VLOOKUP(A43,'6月'!A:M,13,FALSE) -> 15155203756
A44: 蚌埠银泰店高传宏 | B44: 蚌埠银泰店 | C44: 救生员 | D44: 高传宏 | E44: 在职 | F44: 2490 | G44: 0 | K44: =VLOOKUP(A44,'6月'!A:K,11,FALSE) -> 朝晖人力 | L44: =VLOOKUP(A44,'6月'!A:L,12,FALSE) -> 340304196904170633 | M44: =VLOOKUP(A44,'6月'!A:M,13,FALSE) -> 13295524310
A45: 蚌埠银泰店陈子阳 | B45: 蚌埠银泰店 | C45: 泳教 | D45: 陈子阳 | E45: 在职 | F45: 2199.04 | G45: 0 | K45: 朝晖人力
A46: 蚌埠银泰店王宇恒 | B46: 蚌埠银泰店 | C46: 泳教 | D46: 王宇恒 | E46: 在职 | F46: 958.38 | G46: 0 | K46: 朝晖人力 | L46: =VLOOKUP(A46,[12]在职名单!$D:$AF,29,FALSE) -> 340321200206273438 | M46: =VLOOKUP(A46,[12]在职名单!$D:$AK,34,FALSE) -> 18155415334
A47: 蚌埠银泰店王高举 | B47: 蚌埠银泰店 | C47: 泳教 | D47: 王高举 | E47: 在职 | F47: 1156.38 | G47: 0 | K47: 朝晖人力 | L47: =VLOOKUP(A47,[12]在职名单!$D:$AF,29,FALSE) -> 341221199812036811 | M47: =VLOOKUP(A47,[12]在职名单!$D:$AK,34,FALSE) -> 16655264741
A48: 蚌埠银泰店刘生 | B48: 蚌埠银泰店 | C48: 泳教 | D48: 刘生 | E48: 在职 | F48: 1166.28 | G48: 0 | K48: 朝晖人力 | L48: =VLOOKUP(A48,[12]在职名单!$D:$AF,29,FALSE) -> 340321200104062138 | M48: =VLOOKUP(A48,[12]在职名单!$D:$AK,34,FALSE) -> 15055623148
A49: 淮北吾悦店欧林雨 | B49: 淮北吾悦店 | C49: 前台主管 | D49: 欧林雨 | E49: 在职 | F49: 5011.304 | G49: 0 | K49: =VLOOKUP(A49,'6月'!A:K,11,FALSE) -> 朝晖人力 | L49: =VLOOKUP(A49,'6月'!A:L,12,FALSE) -> 342222200201195824 | M49: =VLOOKUP(A49,'6月'!A:M,13,FALSE) -> 19856101932
A50: 淮北吾悦店王紫妍 | B50: 淮北吾悦店 | C50: 前台 | D50: 王紫妍 | E50: 在职 | F50: 3346.466 | G50: 0 | K50: =VLOOKUP(A50,'6月'!A:K,11,FALSE) -> 朝晖人力 | L50: =VLOOKUP(A50,'6月'!A:L,12,FALSE) -> 340602200312120424 | M50: =VLOOKUP(A50,'6月'!A:M,13,FALSE) -> 17756143344
A51: 淮北吾悦店高泉 | B51: 淮北吾悦店 | C51: 保洁 | D51: 高泉 | E51: 在职 | F51: 2575 | G51: 0 | K51: =VLOOKUP(A51,'6月'!A:K,11,FALSE) -> 朝晖人力 | L51: =VLOOKUP(A51,'6月'!A:L,12,FALSE) -> 342123196308128893 | M51: =VLOOKUP(A51,'6月'!A:M,13,FALSE) -> 15156191196
A52: 淮北吾悦店王志鹏 | B52: 淮北吾悦店 | C52: 私教 | D52: 王志鹏 | E52: 离职 | F52: 5660.2642 | G52: 0 | K52: =VLOOKUP(A52,'6月'!A:K,11,FALSE) -> 朝晖人力 | L52: =VLOOKUP(A52,'6月'!A:L,12,FALSE) -> 340123200211201676 | M52: =VLOOKUP(A52,'6月'!A:M,13,FALSE) -> 18955104181
A53: 淮北吾悦店马子豪 | B53: 淮北吾悦店 | C53: 私教 | D53: 马子豪 | E53: 在职 | F53: 1001.7 | G53: 0 | K53: 朝晖人力 | L53: =VLOOKUP(A53,[12]在职名单!$D:$AF,29,FALSE) -> 341126200201231214 | M53: =VLOOKUP(A53,[12]在职名单!$D:$AK,34,FALSE) -> 15212196255
A54: 淮北吾悦店陈赛 | B54: 淮北吾悦店 | C54: 泳教 | D54: 陈赛 | E54: 在职 | F54: 2835.63 | G54: 0 | K54: =VLOOKUP(A54,'6月'!A:K,11,FALSE) -> 朝晖人力 | L54: =VLOOKUP(A54,'6月'!A:L,12,FALSE) -> 340621200602032819 | M54: =VLOOKUP(A54,'6月'!A:M,13,FALSE) -> 17356127536
A55: 淮南吾悦店周涛 | B55: 淮南吾悦店 | C55: 区域总 | D55: 周涛 | E55: 在职 | F55: 2653.2 | G55: 0 | H55: =VLOOKUP(D55,'6月'!D:H,5,FALSE) -> 359.84 | I55: =VLOOKUP(D55,'6月'!D:I,6,FALSE) -> 96.96 | J55: =VLOOKUP(D55,'6月'!D:J,7,FALSE) -> 13.49 | K55: =VLOOKUP(A55,'6月'!A:K,11,FALSE) -> 武汉山道 | L55: =VLOOKUP(A55,'6月'!A:L,12,FALSE) -> 421125198511060012 | M55: =VLOOKUP(A55,'6月'!A:M,13,FALSE) -> 15927100269
A56: 淮南吾悦店韩召君 | B56: 淮南吾悦店 | C56: 店长 | D56: 韩召君 | E56: 在职 | F56: 7359.3818 | G56: 70.78 | K56: =VLOOKUP(D56,'6月'!D:K,8,FALSE) -> 朝晖人力 | L56: =VLOOKUP(A56,[12]在职名单!$D:$AF,29,FALSE) -> 342201198506070414 | M56: =VLOOKUP(A56,[12]在职名单!$D:$AK,34,FALSE) -> 13955704373
A57: 淮南吾悦店刘徐晴 | B57: 淮南吾悦店 | C57: 前台主管 | D57: 刘徐晴 | E57: 在职 | F57: 3970 | G57: 0 | K57: =VLOOKUP(A57,'6月'!A:K,11,FALSE) -> 朝晖人力 | L57: =VLOOKUP(A57,'6月'!A:L,12,FALSE) -> 340406199205233043 | M57: =VLOOKUP(A57,'6月'!A:M,13,FALSE) -> 17730160242
A58: 淮南吾悦店张晓冬 | B58: 淮南吾悦店 | C58: 前台 | D58: 张晓冬 | E58: 在职 | F58: 2985 | G58: 0 | K58: =VLOOKUP(A58,'6月'!A:K,11,FALSE) -> 朝晖人力 | L58: =VLOOKUP(A58,'6月'!A:L,12,FALSE) -> 42282519991003064X | M58: =VLOOKUP(A58,'6月'!A:M,13,FALSE) -> 15623356005
A59: 淮南吾悦店林丽 | B59: 淮南吾悦店 | C59: 保洁 | D59: 林丽 | E59: 在职 | F59: 2375 | G59: 0 | K59: =VLOOKUP(A59,'6月'!A:K,11,FALSE) -> 朝晖人力 | L59: =VLOOKUP(A59,'6月'!A:L,12,FALSE) -> 340406197002032242 | M59: =VLOOKUP(A59,'6月'!A:M,13,FALSE) -> 19855485653
A60: 淮南吾悦店许邦元 | B60: 淮南吾悦店 | C60: 保洁 | D60: 许邦元 | E60: 在职 | F60: 2375 | G60: 0 | K60: =VLOOKUP(A60,'6月'!A:K,11,FALSE) -> 朝晖人力 | L60: =VLOOKUP(A60,'6月'!A:L,12,FALSE) -> 340402196002250012 | M60: =VLOOKUP(A60,'6月'!A:M,13,FALSE) -> 15755400059
A61: 淮南吾悦店焦家喻 | B61: 淮南吾悦店 | C61: 会籍经理 | D61: 焦家喻 | E61: 在职 | F61: 8457.9734 | G61: 103.74 | K61: =VLOOKUP(A61,'6月'!A:K,11,FALSE) -> 朝晖人力 | L61: =VLOOKUP(A61,'6月'!A:L,12,FALSE) -> 422326198512295217 | M61: =VLOOKUP(A61,'6月'!A:M,13,FALSE) -> 13997538150
A62: 淮南吾悦店马晨晨 | B62: 淮南吾悦店 | C62: 会籍 | D62: 马晨晨 | E62: 在职 | F62: 7259.9164 | G62: 0 | K62: =VLOOKUP(A62,'6月'!A:K,11,FALSE) -> 朝晖人力 | L62: =VLOOKUP(A62,'6月'!A:L,12,FALSE) -> 340405199309040047 | M62: =VLOOKUP(A62,'6月'!A:M,13,FALSE) -> 16605542692
A63: 淮南吾悦店熊静茹 | B63: 淮南吾悦店 | C63: 会籍 | D63: 熊静茹 | E63: 在职 | F63: 1770.59 | G63: 0 | K63: 朝晖人力 | L63: =VLOOKUP(A63,[12]在职名单!$D:$AF,29,FALSE) -> 340403199402191621 | M63: =VLOOKUP(A63,[12]在职名单!$D:$AK,34,FALSE) -> 15655461271
A64: 淮南吾悦店孟婷 | B64: 淮南吾悦店 | C64: 会籍 | D64: 孟婷 | E64: 在职 | F64: 1351.2125 | G64: 0 | K64: 朝晖人力 | L64: =VLOOKUP(A64,[12]在职名单!$D:$AF,29,FALSE) -> 342222198612240044 | M64: =VLOOKUP(A64,[12]在职名单!$D:$AK,34,FALSE) -> 19155421520
A65: 淮南吾悦店孟祥 | B65: 淮南吾悦店 | C65: 私教主管 | D65: 孟祥 | E65: 在职 | F65: 4376.85 | G65: 0 | K65: =VLOOKUP(A65,'6月'!A:K,11,FALSE) -> 朝晖人力 | L65: =VLOOKUP(A65,'6月'!A:L,12,FALSE) -> 340421199412063853 | M65: =VLOOKUP(A65,'6月'!A:M,13,FALSE) -> 18558655504
A66: 淮南吾悦店郑祥泰 | B66: 淮南吾悦店 | C66: 私教 | D66: 郑祥泰 | E66: 在职 | F66: 5760.0007 | G66: 22.8 | K66: =VLOOKUP(A66,'6月'!A:K,11,FALSE) -> 朝晖人力 | L66: =VLOOKUP(A66,'6月'!A:L,12,FALSE) -> 341621200110014017 | M66: =VLOOKUP(A66,'6月'!A:M,13,FALSE) -> 17555810180
A67: 淮南吾悦店徐珺 | B67: 淮南吾悦店 | C67: 私教 | D67: 徐珺 | E67: 离职 | F67: 1117.8 | G67: 0 | K67: 朝晖人力 | L67: =VLOOKUP(A67,[12]在职名单!$D:$AF,29,FALSE) -> 340403197412151210 | M67: =VLOOKUP(A67,[12]在职名单!$D:$AK,34,FALSE) -> 13155412718
A68: 淮南吾悦店张楠 | B68: 淮南吾悦店 | C68: 泳教主管 | D68: 张楠 | E68: 在职 | F68: 11254.59 | G68: 0 | H68: =VLOOKUP(D68,'6月'!D:H,5,FALSE) -> 553.97 | I68: =VLOOKUP(D68,'6月'!D:I,6,FALSE) -> 0 | J68: =VLOOKUP(D68,'6月'!D:J,7,FALSE) -> 0 | K68: =VLOOKUP(A68,'6月'!A:K,11,FALSE) -> 朝晖人力 | L68: =VLOOKUP(A68,'6月'!A:L,12,FALSE) -> 341126200010156936 | M68: =VLOOKUP(A68,'6月'!A:M,13,FALSE) -> 17727600461
A69: 淮南吾悦店王永瑞 | B69: 淮南吾悦店 | C69: 泳教 | D69: 王永瑞 | E69: 在职 | F69: 5988.7833 | G69: 0 | K69: =VLOOKUP(A69,'6月'!A:K,11,FALSE) -> 朝晖人力 | L69: =VLOOKUP(A69,'6月'!A:L,12,FALSE) -> 340406200310081438 | M69: =VLOOKUP(A69,'6月'!A:M,13,FALSE) -> 18155490194
A70: 淮南吾悦店金全涛 | B70: 淮南吾悦店 | C70: 泳教 | D70: 金全涛 | E70: 在职 | F70: 4116.12 | G70: 0 | K70: =VLOOKUP(A70,'6月'!A:K,11,FALSE) -> 朝晖人力 | L70: =VLOOKUP(A70,'6月'!A:L,12,FALSE) -> 340421200012200439 | M70: =VLOOKUP(A70,'6月'!A:M,13,FALSE) -> 13013051159
A71: 淮南吾悦店陈一鸣 | B71: 淮南吾悦店 | C71: 泳教 | D71: 陈一鸣 | E71: 在职 | F71: 799.31034 | G71: 0 | K71: =VLOOKUP(A71,'6月'!A:K,11,FALSE) -> 朝晖人力 | L71: =VLOOKUP(A71,'6月'!A:L,12,FALSE) -> 34040320001221001X | M71: =VLOOKUP(A71,'6月'!A:M,13,FALSE) -> 18130137196
A72: 淮南吾悦店聂单涛 | B72: 淮南吾悦店 | C72: 泳教 | D72: 聂单涛 | E72: 在职 | F72: 211.54167 | G72: 0 | K72: =VLOOKUP(A72,'6月'!A:K,11,FALSE) -> 朝晖人力 | L72: =VLOOKUP(A72,'6月'!A:L,12,FALSE) -> 342221199606169235 | M72: =VLOOKUP(A72,'6月'!A:M,13,FALSE) -> 17344034212
A73: 淮南吾悦店周茂斌 | B73: 淮南吾悦店 | C73: 救生员 | D73: 周茂斌 | E73: 在职 | F73: 1750 | G73: 0 | K73: =VLOOKUP(A73,'6月'!A:K,11,FALSE) -> 朝晖人力 | L73: =VLOOKUP(A73,'6月'!A:L,12,FALSE) -> 340402197202271613 | M73: =VLOOKUP(A73,'6月'!A:M,13,FALSE) -> 15256715888
A74: 宿州吾悦店韩涛 | B74: 宿州吾悦店 | C74: 店长 | D74: 韩涛 | E74: 在职 | F74: 18878.301 | G74: 252.24 | H74: =VLOOKUP(D74,'6月'!D:H,5,FALSE) -> 359.84 | I74: =VLOOKUP(D74,'6月'!D:I,6,FALSE) -> 96.96 | J74: =VLOOKUP(D74,'6月'!D:J,7,FALSE) -> 13.49 | K74: =VLOOKUP(A74,'6月'!A:K,11,FALSE) -> 朝晖人力 | L74: =VLOOKUP(A74,'6月'!A:L,12,FALSE) -> 420527198706285338 | M74: =VLOOKUP(A74,'6月'!A:M,13,FALSE) -> 13332527599
A75: 宿州吾悦店涂佩 | B75: 宿州吾悦店 | C75: 前台主管 | D75: 涂佩 | E75: 在职 | F75: 4050 | G75: 0 | K75: =VLOOKUP(A75,'6月'!A:K,11,FALSE) -> 朝晖人力 | L75: =VLOOKUP(A75,'6月'!A:L,12,FALSE) -> 421122199006094225 | M75: =VLOOKUP(A75,'6月'!A:M,13,FALSE) -> 15655706018
A76: 宿州吾悦店赵丽 | B76: 宿州吾悦店 | C76: 前台 | D76: 赵丽 | E76: 离职 | F76: 2500 | G76: 0 | K76: =VLOOKUP(A76,'6月'!A:K,11,FALSE) -> 朝晖人力 | L76: =VLOOKUP(A76,'6月'!A:L,12,FALSE) -> 341302200308232823 | M76: =VLOOKUP(A76,'6月'!A:M,13,FALSE) -> 15240079764
A77: 宿州吾悦店王淑萍 | B77: 宿州吾悦店 | C77: 保洁 | D77: 王淑萍 | E77: 在职 | F77: 2385 | G77: 0 | K77: =VLOOKUP(A77,'6月'!A:K,11,FALSE) -> 朝晖人力 | L77: =VLOOKUP(A77,'6月'!A:L,12,FALSE) -> 340604196008270480 | M77: =VLOOKUP(A77,'6月'!A:M,13,FALSE) -> 13026041688
A78: 宿州吾悦店哈大宝 | B78: 宿州吾悦店 | C78: 保洁 | D78: 哈大宝 | E78: 在职 | F78: 2385 | G78: 0 | K78: =VLOOKUP(A78,'6月'!A:K,11,FALSE) -> 朝晖人力 | L78: =VLOOKUP(A78,'6月'!A:L,12,FALSE) -> 340621196008214813 | M78: =VLOOKUP(A78,'6月'!A:M,13,FALSE) -> 13866590052
A79: 宿州吾悦店李金鞠 | B79: 宿州吾悦店 | C79: 会籍经理 | D79: 李金鞠 | E79: 在职 | F79: 17553.813 | G79: 0 | H79: =VLOOKUP(D79,'6月'!D:H,5,FALSE) -> 359.84 | I79: =VLOOKUP(D79,'6月'!D:I,6,FALSE) -> 96.96 | J79: =VLOOKUP(D79,'6月'!D:J,7,FALSE) -> 13.49 | K79: =VLOOKUP(A79,'6月'!A:K,11,FALSE) -> 朝晖人力 | L79: =VLOOKUP(A79,'6月'!A:L,12,FALSE) -> 342201198804070420 | M79: =VLOOKUP(A79,'6月'!A:M,13,FALSE) -> 18705579951
A80: 宿州吾悦店王宁 | B80: 宿州吾悦店 | C80: 会籍 | D80: 王宁 | E80: 在职 | F80: 4017.6625 | G80: 0 | K80: =VLOOKUP(A80,'6月'!A:K,11,FALSE) -> 朝晖人力 | L80: =VLOOKUP(A80,'6月'!A:L,12,FALSE) -> 342201199210316416 | M80: =VLOOKUP(A80,'6月'!A:M,13,FALSE) -> 18714903660
A81: 宿州吾悦店杨子席 | B81: 宿州吾悦店 | C81: 会籍 | D81: 杨子席 | E81: 在职 | F81: 2286.0432 | G81: 0 | K81: =VLOOKUP(A81,'6月'!A:K,11,FALSE) -> 朝晖人力 | L81: =VLOOKUP(A81,'6月'!A:L,12,FALSE) -> 34130220060305285X | M81: =VLOOKUP(A81,'6月'!A:M,13,FALSE) -> 18895767395
A82: 宿州吾悦店吴忠虎 | B82: 宿州吾悦店 | C82: 私教 | D82: 吴忠虎 | E82: 在职 | F82: 4115.7 | G82: 0 | K82: =VLOOKUP(A82,'6月'!A:K,11,FALSE) -> 朝晖人力 | L82: =VLOOKUP(A82,'6月'!A:L,12,FALSE) -> 342201199703101616 | M82: =VLOOKUP(A82,'6月'!A:M,13,FALSE) -> 13855722392
A83: 宿州吾悦店陈晨 | B83: 宿州吾悦店 | C83: 私教 | D83: 陈晨 | E83: 在职 | F83: 4095.175 | G83: 0 | K83: =VLOOKUP(A83,'6月'!A:K,11,FALSE) -> 朝晖人力 | L83: =VLOOKUP(A83,'6月'!A:L,12,FALSE) -> 342201199508031835 | M83: =VLOOKUP(A83,'6月'!A:M,13,FALSE) -> 15398200885
A84: 宿州吾悦店朱欣园 | B84: 宿州吾悦店 | C84: 私教 | D84: 朱欣园 | E84: 在职 | F84: 3721.4117 | G84: 0 | K84: =VLOOKUP(A84,'6月'!A:K,11,FALSE) -> 朝晖人力 | L84: =VLOOKUP(A84,'6月'!A:L,12,FALSE) -> 340621200508084436 | M84: =VLOOKUP(A84,'6月'!A:M,13,FALSE) -> 17682726539
A85: 宿州吾悦店孟鑫 | B85: 宿州吾悦店 | C85: 兼职私教 | D85: 孟鑫 | E85: 在职 | F85: 202.5 | G85: 0 | K85: =VLOOKUP(A85,'6月'!A:K,11,FALSE) -> 朝晖人力 | L85: =VLOOKUP(A85,'6月'!A:L,12,FALSE) -> 340621199309224824 | M85: =VLOOKUP(A85,'6月'!A:M,13,FALSE) -> 15756183202
A86: 宿州吾悦店邢雪 | B86: 宿州吾悦店 | C86: 泳教 | D86: 邢雪 | E86: 在职 | F86: 21032.26 | G86: 592.9 | K86: =VLOOKUP(A86,'6月'!A:K,11,FALSE) -> 朝晖人力 | L86: =VLOOKUP(A86,'6月'!A:L,12,FALSE) -> 342201199008083284 | M86: =VLOOKUP(A86,'6月'!A:M,13,FALSE) -> 15155702610
A87: 宿州吾悦店邵俊杰 | B87: 宿州吾悦店 | C87: 泳教 | D87: 邵俊杰 | E87: 在职 | F87: 900 | G87: 0 | K87: 朝晖人力 | L87: =VLOOKUP(A87,[12]在职名单!$D:$AF,29,FALSE) -> 341302200305289015 | M87: =VLOOKUP(A87,[12]在职名单!$D:$AK,34,FALSE) -> 19155716815
A88: 宿州吾悦店陈冲 | B88: 宿州吾悦店 | C88: 兼职泳教 | D88: 陈冲 | E88: 在职 | F88: 154 | G88: 0 | K88: 朝晖人力 | L88: =VLOOKUP(A88,[12]在职名单!$D:$AF,29,FALSE) -> 342201199910039018 | M88: =VLOOKUP(A88,[12]在职名单!$D:$AK,34,FALSE) -> 15391850788
A89: 宿州吾悦店马莹莹 | B89: 宿州吾悦店 | C89: 兼职泳教 | D89: 马莹莹 | E89: 在职 | F89: 440 | G89: 0 | K89: 朝晖人力 | L89: =VLOOKUP(A89,[12]在职名单!$D:$AF,29,FALSE) -> 34222419920311188x | M89: =VLOOKUP(A89,[12]在职名单!$D:$AK,34,FALSE) -> 18130669519
A90: 宿州吾悦店张文轩 | B90: 宿州吾悦店 | C90: 兼职泳教 | D90: 张文轩 | E90: 在职 | F90: 578 | G90: 0 | K90: 朝晖人力 | L90: =VLOOKUP(A90,[12]在职名单!$D:$AF,29,FALSE) -> 341322200303210444 | M90: =VLOOKUP(A90,[12]在职名单!$D:$AK,34,FALSE) -> 18709800900
A91: 宿州吾悦店孙璐 | B91: 宿州吾悦店 | C91: 泳教主管 | D91: 孙璐 | E91: 在职 | F91: 19040.787 | G91: 196.07 | K91: =VLOOKUP(A91,'6月'!A:K,11,FALSE) -> 朝晖人力 | L91: =VLOOKUP(A91,'6月'!A:L,12,FALSE) -> 341302200205149015 | M91: =VLOOKUP(A91,'6月'!A:M,13,FALSE) -> 19955776097
A92: 颍上店饶莹莹 | B92: 颍上店 | C92: 前台 | D92: 饶莹莹 | E92: 在职 | F92: 2000 | G92: 0 | K92: 朝晖人力 | L92: 34122620030726102X | M92: 19810856765
A93: 颍上店蓝彩菲 | B93: 颍上店 | C93: 前台 | D93: 蓝彩菲 | E93: 在职 | F93: 1900 | G93: 0 | K93: 朝晖人力 | L93: 341226200203210447 | M93: 15178152310
A94: 华农店郭凯 | B94: 华农店 | C94: 店长 | D94: 郭凯 | E94: 在职 | F94: 12514.885 | G94: 146.09 | H94: =VLOOKUP(D94,'6月'!D:H,5,FALSE) -> 359.84 | I94: =VLOOKUP(D94,'6月'!D:I,6,FALSE) -> 96.96 | J94: =VLOOKUP(D94,'6月'!D:J,7,FALSE) -> 13.49 | K94: =VLOOKUP(A94,'6月'!A:K,11,FALSE) -> 武汉山道 | L94: =VLOOKUP(A94,'6月'!A:L,12,FALSE) -> 421182199603072952 | M94: =VLOOKUP(A94,'6月'!A:M,13,FALSE) -> 13817689240
A95: 华农店何家珍 | B95: 华农店 | C95: 保洁 | D95: 何家珍 | E95: 在职 | F95: 3475 | G95: 0 | K95: =VLOOKUP(A95,'6月'!A:K,11,FALSE) -> 南湖 | L95: =VLOOKUP(A95,'6月'!A:L,12,FALSE) -> 420122196810222844 | M95: =VLOOKUP(A95,'6月'!A:M,13,FALSE) -> 13871599682
A96: 华农店简安珍 | B96: 华农店 | C96: 前台 | D96: 简安珍 | E96: 在职 | F96: 2975 | G96: 0 | K96: =VLOOKUP(A96,'6月'!A:K,11,FALSE) -> 朝晖人力 | L96: =VLOOKUP(A96,'6月'!A:L,12,FALSE) -> 532627200211250929 | M96: =VLOOKUP(A96,'6月'!A:M,13,FALSE) -> 15390887764
A97: 华农店沈盼 | B97: 华农店 | C97: 私教经理 | D97: 沈盼 | E97: 在职 | F97: 15229.46 | G97: 201.88 | K97: =VLOOKUP(A97,'6月'!A:K,11,FALSE) -> 南湖 | L97: =VLOOKUP(A97,'6月'!A:L,12,FALSE) -> 422126199901264012 | M97: =VLOOKUP(A97,'6月'!A:M,13,FALSE) -> 18872230919
A98: 华农店李志林 | B98: 华农店 | C98: 私教 | D98: 李志林 | E98: 在职 | F98: 6049.5235 | G98: 17.38 | H98: =VLOOKUP(D98,'6月'!D:H,5,FALSE) -> 359.84 | I98: =VLOOKUP(D98,'6月'!D:I,6,FALSE) -> 96.96 | J98: =VLOOKUP(D98,'6月'!D:J,7,FALSE) -> 13.49 | K98: =VLOOKUP(A98,'6月'!A:K,11,FALSE) -> 南湖 | L98: =VLOOKUP(A98,'6月'!A:L,12,FALSE) -> 421221200007170714 | M98: =VLOOKUP(A98,'6月'!A:M,13,FALSE) -> 15926928101
A99: 华农店李超 | B99: 华农店 | C99: 私教 | D99: 李超 | E99: 在职 | F99: 13903.449 | G99: 0 | H99: =VLOOKUP(D99,'6月'!D:H,5,FALSE) -> 359.84 | I99: =VLOOKUP(D99,'6月'!D:I,6,FALSE) -> 96.96 | J99: =VLOOKUP(D99,'6月'!D:J,7,FALSE) -> 13.49 | K99: =VLOOKUP(A99,'6月'!A:K,11,FALSE) -> 武汉山道 | L99: =VLOOKUP(A99,'6月'!A:L,12,FALSE) -> 420106198710140058 | M99: =VLOOKUP(A99,'6月'!A:M,13,FALSE) -> 13667230900
A100: 华农店杨显川 | B100: 华农店 | C100: 私教 | D100: 杨显川 | E100: 在职 | F100: 6289.8709 | G100: 0 | H100: =VLOOKUP(D100,'6月'!D:H,5,FALSE) -> 359.84 | I100: =VLOOKUP(D100,'6月'!D:I,6,FALSE) -> 96.96 | J100: =VLOOKUP(D100,'6月'!D:J,7,FALSE) -> 13.49 | K100: =VLOOKUP(A100,'6月'!A:K,11,FALSE) -> 南湖 | L100: =VLOOKUP(A100,'6月'!A:L,12,FALSE) -> 420984199910052017 | M100: =VLOOKUP(A100,'6月'!A:M,13,FALSE) -> 17671720251
...
